"student_id","site_id","year","frpm","snap","wic","tanf"
"ST00001","S001",2021,0,0,0,0
"ST00002","S001",2021,0,0,0,0
"ST00003","S001",2021,1,0,0,0
"ST00004","S001",2021,0,0,1,0
"ST00005","S001",2021,0,1,1,0
"ST00006","S001",2021,0,0,0,0
"ST00007","S001",2021,0,0,0,0
"ST00008","S001",2021,0,0,0,0
"ST00009","S001",2022,0,0,0,0
"ST00010","S001",2022,0,0,0,0
"ST00011","S001",2022,0,1,0,0
"ST00012","S001",2022,0,0,0,0
"ST00013","S001",2022,0,0,0,0
"ST00014","S001",2022,0,1,1,0
"ST00015","S001",2022,0,0,0,0
"ST00016","S001",2022,0,0,0,0
"ST00017","S001",2022,0,0,0,0
"ST00018","S001",2022,0,0,0,0
"ST00019","S001",2022,0,0,0,0
"ST00020","S001",2022,0,0,0,0
"ST00021","S001",2023,0,0,1,0
"ST00022","S001",2023,0,0,0,0
"ST00023","S001",2023,0,0,0,0
"ST00024","S001",2023,0,0,0,0
"ST00025","S001",2023,0,0,0,0
"ST00026","S001",2023,0,0,0,0
"ST00027","S001",2024,1,0,0,0
"ST00028","S001",2024,0,0,0,0
"ST00029","S001",2024,0,0,0,0
"ST00030","S001",2024,0,0,0,0
"ST00031","S001",2024,0,0,0,0
"ST00032","S001",2024,0,1,0,0
"ST00033","S001",2024,0,1,1,0
"ST00034","S001",2024,0,0,0,0
"ST00035","S001",2024,0,0,0,0
"ST00036","S001",2025,0,0,0,0
"ST00037","S001",2025,0,0,0,0
"ST00038","S001",2025,1,0,0,0
"ST00039","S001",2025,1,0,0,0
"ST00040","S001",2025,0,0,0,0
"ST00041","S001",2025,1,0,0,0
"ST00042","S001",2025,0,0,0,0
"ST00043","S002",2021,1,1,0,0
"ST00044","S002",2021,1,0,0,0
"ST00045","S002",2021,1,0,0,0
"ST00046","S002",2021,0,0,0,0
"ST00047","S002",2021,0,1,0,0
"ST00048","S002",2021,1,1,1,0
"ST00049","S002",2021,1,1,1,0
"ST00050","S002",2022,1,1,0,0
"ST00051","S002",2022,1,0,0,0
"ST00052","S002",2022,0,0,1,0
"ST00053","S002",2022,0,0,0,0
"ST00054","S002",2022,1,1,0,0
"ST00055","S002",2022,0,0,0,0
"ST00056","S002",2022,1,0,0,0
"ST00057","S002",2023,1,1,1,0
"ST00058","S002",2023,0,0,0,0
"ST00059","S002",2023,0,0,0,0
"ST00060","S002",2023,1,1,0,0
"ST00061","S002",2023,1,0,0,0
"ST00062","S002",2023,1,1,0,0
"ST00063","S002",2023,0,0,0,0
"ST00064","S002",2023,1,1,1,0
"ST00065","S002",2023,1,1,1,0
"ST00066","S002",2024,1,1,1,0
"ST00067","S002",2024,1,1,0,0
"ST00068","S002",2024,1,1,1,0
"ST00069","S002",2024,1,0,0,0
"ST00070","S002",2024,1,0,1,0
"ST00071","S002",2024,1,1,0,0
"ST00072","S002",2024,0,0,0,0
"ST00073","S002",2024,0,1,1,0
"ST00074","S002",2024,1,1,1,0
"ST00075","S002",2024,1,1,0,0
"ST00076","S002",2025,0,0,0,0
"ST00077","S002",2025,1,1,0,0
"ST00078","S002",2025,0,0,0,0
"ST00079","S002",2025,1,1,1,0
"ST00080","S002",2025,1,1,0,0
"ST00081","S002",2025,1,1,1,0
"ST00082","S002",2025,0,0,1,0
"ST00083","S003",2021,0,0,1,0
"ST00084","S003",2021,1,0,0,0
"ST00085","S003",2021,0,0,0,0
"ST00086","S003",2021,0,0,0,0
"ST00087","S003",2021,0,0,1,0
"ST00088","S003",2021,0,0,0,0
"ST00089","S003",2021,1,1,0,0
"ST00090","S003",2021,0,0,1,0
"ST00091","S003",2021,0,0,0,0
"ST00092","S003",2022,0,0,0,0
"ST00093","S003",2022,0,0,1,0
"ST00094","S003",2022,0,0,0,0
"ST00095","S003",2022,0,0,0,0
"ST00096","S003",2022,0,0,0,0
"ST00097","S003",2022,1,0,0,0
"ST00098","S003",2022,0,0,0,0
"ST00099","S003",2022,0,0,0,0
"ST00100","S003",2022,0,0,0,0
"ST00101","S003",2022,0,0,0,0
"ST00102","S003",2023,0,0,0,0
"ST00103","S003",2023,1,1,1,0
"ST00104","S003",2023,0,0,0,0
"ST00105","S003",2023,1,0,0,1
"ST00106","S003",2023,1,0,0,0
"ST00107","S003",2023,0,0,0,0
"ST00108","S003",2023,0,0,0,0
"ST00109","S003",2023,0,0,0,0
"ST00110","S003",2023,0,0,0,0
"ST00111","S003",2024,1,0,0,0
"ST00112","S003",2024,1,0,0,0
"ST00113","S003",2024,0,0,0,0
"ST00114","S003",2024,1,0,0,0
"ST00115","S003",2024,0,0,1,0
"ST00116","S003",2024,0,0,1,0
"ST00117","S003",2024,0,0,0,0
"ST00118","S003",2024,1,1,0,0
"ST00119","S003",2025,0,0,0,0
"ST00120","S003",2025,0,0,0,0
"ST00121","S003",2025,0,0,0,0
"ST00122","S003",2025,0,0,0,0
"ST00123","S003",2025,0,0,0,0
"ST00124","S003",2025,1,1,0,0
"ST00125","S003",2025,1,1,0,0
"ST00126","S004",2021,1,0,0,0
"ST00127","S004",2021,1,1,1,0
"ST00128","S004",2021,1,1,0,0
"ST00129","S004",2021,0,0,0,0
"ST00130","S004",2021,0,0,0,0
"ST00131","S004",2021,0,0,0,0
"ST00132","S004",2021,0,1,0,0
"ST00133","S004",2021,1,1,0,0
"ST00134","S004",2022,1,0,0,0
"ST00135","S004",2022,1,0,0,0
"ST00136","S004",2022,0,0,0,0
"ST00137","S004",2022,1,1,0,0
"ST00138","S004",2022,1,1,1,0
"ST00139","S004",2022,1,1,0,0
"ST00140","S004",2022,0,0,0,0
"ST00141","S004",2022,0,0,0,0
"ST00142","S004",2022,1,0,1,0
"ST00143","S004",2023,0,1,1,0
"ST00144","S004",2023,1,1,0,0
"ST00145","S004",2023,1,0,1,0
"ST00146","S004",2023,0,0,0,0
"ST00147","S004",2023,0,0,0,0
"ST00148","S004",2023,0,1,0,0
"ST00149","S004",2023,1,0,1,0
"ST00150","S004",2023,0,1,0,1
"ST00151","S004",2024,1,0,1,0
"ST00152","S004",2024,0,0,0,0
"ST00153","S004",2024,1,0,0,0
"ST00154","S004",2024,1,1,1,0
"ST00155","S004",2024,1,1,0,0
"ST00156","S004",2024,0,0,0,0
"ST00157","S004",2024,0,0,0,0
"ST00158","S004",2024,1,1,0,1
"ST00159","S004",2024,0,0,0,0
"ST00160","S004",2024,1,0,0,0
"ST00161","S004",2024,0,0,0,0
"ST00162","S004",2024,0,1,1,0
"ST00163","S004",2024,0,0,0,0
"ST00164","S004",2024,0,0,0,0
"ST00165","S004",2025,1,0,0,0
"ST00166","S004",2025,0,0,1,0
"ST00167","S004",2025,0,0,0,0
"ST00168","S004",2025,1,1,0,0
"ST00169","S004",2025,0,0,0,0
"ST00170","S004",2025,1,0,1,0
"ST00171","S004",2025,0,1,1,0
"ST00172","S004",2025,0,0,0,0
"ST00173","S004",2025,1,0,0,0
"ST00174","S005",2021,0,1,1,0
"ST00175","S005",2021,0,0,0,0
"ST00176","S005",2021,1,1,0,0
"ST00177","S005",2021,1,1,1,0
"ST00178","S005",2021,1,1,0,0
"ST00179","S005",2021,1,1,0,1
"ST00180","S005",2021,0,0,0,0
"ST00181","S005",2021,1,1,0,0
"ST00182","S005",2021,0,0,1,0
"ST00183","S005",2021,1,1,0,0
"ST00184","S005",2021,0,1,0,0
"ST00185","S005",2022,1,0,1,0
"ST00186","S005",2022,0,0,0,0
"ST00187","S005",2022,0,1,1,0
"ST00188","S005",2022,1,1,1,0
"ST00189","S005",2022,1,0,1,0
"ST00190","S005",2022,0,0,0,0
"ST00191","S005",2022,0,0,0,0
"ST00192","S005",2022,0,0,0,0
"ST00193","S005",2022,1,0,0,0
"ST00194","S005",2022,1,1,0,0
"ST00195","S005",2022,0,0,1,0
"ST00196","S005",2022,0,1,1,0
"ST00197","S005",2023,1,1,1,0
"ST00198","S005",2023,0,1,0,0
"ST00199","S005",2023,0,1,1,0
"ST00200","S005",2023,1,0,1,0
"ST00201","S005",2023,0,0,1,0
"ST00202","S005",2023,1,1,1,0
"ST00203","S005",2023,0,0,1,0
"ST00204","S005",2023,0,0,1,0
"ST00205","S005",2023,0,1,0,0
"ST00206","S005",2023,1,1,1,0
"ST00207","S005",2023,1,1,0,0
"ST00208","S005",2023,0,0,0,0
"ST00209","S005",2024,1,1,1,0
"ST00210","S005",2024,1,1,0,0
"ST00211","S005",2024,1,1,0,0
"ST00212","S005",2024,1,1,1,0
"ST00213","S005",2024,1,0,0,0
"ST00214","S005",2024,1,1,1,0
"ST00215","S005",2024,0,0,1,0
"ST00216","S005",2024,1,1,1,0
"ST00217","S005",2025,1,0,1,0
"ST00218","S005",2025,1,1,1,0
"ST00219","S005",2025,1,1,0,0
"ST00220","S005",2025,1,0,1,0
"ST00221","S005",2025,1,1,1,0
"ST00222","S005",2025,0,0,1,0
"ST00223","S005",2025,0,0,0,0
"ST00224","S005",2025,1,1,0,0
"ST00225","S005",2025,1,1,0,0
"ST00226","S005",2025,0,0,0,0
"ST00227","S005",2025,1,0,0,0
"ST00228","S005",2025,1,1,1,1
"ST00229","S006",2021,0,0,0,0
"ST00230","S006",2021,0,1,0,0
"ST00231","S006",2021,0,0,0,0
"ST00232","S006",2021,1,0,1,0
"ST00233","S006",2021,0,0,0,0
"ST00234","S006",2021,0,0,0,0
"ST00235","S006",2021,1,1,1,0
"ST00236","S006",2021,0,0,0,0
"ST00237","S006",2021,0,0,0,0
"ST00238","S006",2021,1,1,1,0
"ST00239","S006",2021,1,0,0,0
"ST00240","S006",2022,0,0,0,0
"ST00241","S006",2022,1,0,0,0
"ST00242","S006",2022,0,0,0,0
"ST00243","S006",2022,0,1,1,0
"ST00244","S006",2022,0,0,0,0
"ST00245","S006",2022,0,0,0,0
"ST00246","S006",2022,0,0,0,0
"ST00247","S006",2022,1,1,0,0
"ST00248","S006",2022,0,0,0,0
"ST00249","S006",2022,0,0,0,0
"ST00250","S006",2023,1,1,1,0
"ST00251","S006",2023,1,0,0,0
"ST00252","S006",2023,1,0,0,0
"ST00253","S006",2023,1,0,0,0
"ST00254","S006",2023,0,0,0,0
"ST00255","S006",2023,0,0,0,0
"ST00256","S006",2023,1,0,0,0
"ST00257","S006",2023,0,0,0,0
"ST00258","S006",2024,1,0,0,0
"ST00259","S006",2024,0,0,0,0
"ST00260","S006",2024,1,1,0,0
"ST00261","S006",2024,0,0,0,0
"ST00262","S006",2024,1,0,0,0
"ST00263","S006",2024,1,1,0,0
"ST00264","S006",2024,0,0,0,0
"ST00265","S006",2024,0,0,0,0
"ST00266","S006",2024,0,0,0,0
"ST00267","S006",2024,0,0,0,0
"ST00268","S006",2024,0,0,0,0
"ST00269","S006",2025,0,0,0,0
"ST00270","S006",2025,0,0,0,0
"ST00271","S006",2025,0,0,0,0
"ST00272","S006",2025,0,1,0,0
"ST00273","S006",2025,0,0,0,0
"ST00274","S006",2025,0,1,0,0
"ST00275","S006",2025,0,0,0,0
"ST00276","S006",2025,0,0,0,0
"ST00277","S006",2025,0,0,1,0
"ST00278","S006",2025,0,0,0,0
"ST00279","S006",2025,0,0,0,0
"ST00280","S006",2025,1,0,0,0
"ST00281","S007",2021,1,1,0,0
"ST00282","S007",2021,1,1,0,0
"ST00283","S007",2021,1,0,0,0
"ST00284","S007",2021,0,0,1,0
"ST00285","S007",2021,0,1,1,0
"ST00286","S007",2021,1,1,0,0
"ST00287","S007",2021,0,0,0,0
"ST00288","S007",2021,0,0,0,0
"ST00289","S007",2021,1,1,1,0
"ST00290","S007",2021,0,1,1,0
"ST00291","S007",2022,0,0,0,0
"ST00292","S007",2022,1,0,0,0
"ST00293","S007",2022,1,0,0,0
"ST00294","S007",2022,0,1,1,0
"ST00295","S007",2022,1,1,0,0
"ST00296","S007",2022,0,0,0,0
"ST00297","S007",2022,0,0,0,0
"ST00298","S007",2022,0,0,0,0
"ST00299","S007",2022,1,1,1,0
"ST00300","S007",2022,0,0,0,0
"ST00301","S007",2022,0,0,0,0
"ST00302","S007",2022,0,0,0,0
"ST00303","S007",2023,0,0,0,0
"ST00304","S007",2023,1,1,0,0
"ST00305","S007",2023,1,1,0,0
"ST00306","S007",2023,1,1,0,0
"ST00307","S007",2023,1,0,0,0
"ST00308","S007",2023,0,0,0,0
"ST00309","S007",2023,0,0,0,0
"ST00310","S007",2023,1,0,0,0
"ST00311","S007",2023,0,0,0,0
"ST00312","S007",2023,1,0,0,0
"ST00313","S007",2024,0,0,1,0
"ST00314","S007",2024,1,0,1,0
"ST00315","S007",2024,1,0,0,0
"ST00316","S007",2024,0,1,1,0
"ST00317","S007",2024,0,0,0,0
"ST00318","S007",2024,0,0,0,0
"ST00319","S007",2024,0,0,0,0
"ST00320","S007",2024,0,0,0,0
"ST00321","S007",2024,0,0,0,0
"ST00322","S007",2025,0,0,0,0
"ST00323","S007",2025,0,0,0,0
"ST00324","S007",2025,0,0,1,0
"ST00325","S007",2025,1,0,0,0
"ST00326","S007",2025,0,0,0,0
"ST00327","S007",2025,0,0,0,0
"ST00328","S007",2025,1,1,1,0
"ST00329","S007",2025,0,0,0,0
"ST00330","S007",2025,0,0,1,0
"ST00331","S007",2025,0,0,0,0
"ST00332","S007",2025,1,0,0,0
"ST00333","S008",2021,0,0,0,0
"ST00334","S008",2021,1,0,0,0
"ST00335","S008",2021,1,0,0,0
"ST00336","S008",2021,0,0,1,0
"ST00337","S008",2021,0,0,0,0
"ST00338","S008",2021,1,0,0,0
"ST00339","S008",2021,1,0,1,0
"ST00340","S008",2021,0,0,1,0
"ST00341","S008",2021,0,0,0,0
"ST00342","S008",2021,1,1,0,0
"ST00343","S008",2021,1,0,0,0
"ST00344","S008",2021,0,1,1,0
"ST00345","S008",2021,1,1,0,1
"ST00346","S008",2021,0,0,0,0
"ST00347","S008",2022,1,1,0,0
"ST00348","S008",2022,0,0,1,0
"ST00349","S008",2022,0,0,0,0
"ST00350","S008",2022,0,0,0,0
"ST00351","S008",2022,1,1,1,0
"ST00352","S008",2022,0,0,1,0
"ST00353","S008",2022,0,0,1,0
"ST00354","S008",2022,0,0,0,0
"ST00355","S008",2022,0,0,1,0
"ST00356","S008",2022,1,1,1,0
"ST00357","S008",2022,1,1,0,0
"ST00358","S008",2022,0,0,0,0
"ST00359","S008",2023,1,1,1,0
"ST00360","S008",2023,0,1,1,0
"ST00361","S008",2023,1,1,1,0
"ST00362","S008",2023,0,0,1,0
"ST00363","S008",2023,0,1,0,1
"ST00364","S008",2023,0,0,0,0
"ST00365","S008",2023,1,0,0,0
"ST00366","S008",2023,1,1,0,0
"ST00367","S008",2023,0,0,0,0
"ST00368","S008",2024,1,0,1,0
"ST00369","S008",2024,1,0,0,0
"ST00370","S008",2024,0,0,1,0
"ST00371","S008",2024,0,0,0,0
"ST00372","S008",2024,0,0,0,0
"ST00373","S008",2024,0,1,0,0
"ST00374","S008",2024,0,0,1,0
"ST00375","S008",2024,1,0,1,0
"ST00376","S008",2024,0,0,0,0
"ST00377","S008",2024,0,0,0,0
"ST00378","S008",2025,1,1,0,0
"ST00379","S008",2025,1,0,0,0
"ST00380","S008",2025,0,0,0,0
"ST00381","S008",2025,0,0,0,0
"ST00382","S008",2025,1,0,0,0
"ST00383","S008",2025,1,1,1,0
"ST00384","S008",2025,1,1,0,0
"ST00385","S008",2025,0,0,1,0
"ST00386","S008",2025,1,1,0,1
"ST00387","S008",2025,0,0,0,0
"ST00388","S008",2025,0,0,0,0
"ST00389","S008",2025,0,0,0,0
"ST00390","S008",2025,1,1,1,0
"ST00391","S009",2021,0,1,0,0
"ST00392","S009",2021,0,0,0,0
"ST00393","S009",2021,1,0,0,0
"ST00394","S009",2021,0,1,0,0
"ST00395","S009",2021,0,0,0,0
"ST00396","S009",2021,1,1,0,0
"ST00397","S009",2021,1,0,0,0
"ST00398","S009",2021,1,1,0,0
"ST00399","S009",2021,0,0,0,0
"ST00400","S009",2021,0,0,0,0
"ST00401","S009",2021,0,1,1,0
"ST00402","S009",2021,0,0,0,0
"ST00403","S009",2021,0,0,0,0
"ST00404","S009",2021,0,0,0,0
"ST00405","S009",2021,1,1,1,0
"ST00406","S009",2022,0,0,0,0
"ST00407","S009",2022,1,0,1,0
"ST00408","S009",2022,0,0,0,0
"ST00409","S009",2022,0,0,0,0
"ST00410","S009",2022,0,0,0,1
"ST00411","S009",2022,0,0,0,0
"ST00412","S009",2022,0,1,1,0
"ST00413","S009",2022,0,0,1,0
"ST00414","S009",2022,0,0,0,0
"ST00415","S009",2022,0,0,0,0
"ST00416","S009",2022,1,1,1,0
"ST00417","S009",2022,0,0,0,0
"ST00418","S009",2022,1,1,0,0
"ST00419","S009",2022,1,0,0,0
"ST00420","S009",2022,0,0,0,0
"ST00421","S009",2022,1,0,0,0
"ST00422","S009",2023,1,0,0,0
"ST00423","S009",2023,1,1,0,0
"ST00424","S009",2023,0,0,0,0
"ST00425","S009",2023,0,0,1,0
"ST00426","S009",2023,0,0,1,0
"ST00427","S009",2023,0,0,0,0
"ST00428","S009",2023,0,0,0,0
"ST00429","S009",2023,1,0,0,0
"ST00430","S009",2023,0,0,0,0
"ST00431","S009",2023,0,0,0,0
"ST00432","S009",2023,1,0,0,0
"ST00433","S009",2023,0,1,0,0
"ST00434","S009",2023,1,0,0,0
"ST00435","S009",2023,0,0,0,0
"ST00436","S009",2023,0,0,1,0
"ST00437","S009",2023,1,0,0,0
"ST00438","S009",2023,0,0,0,0
"ST00439","S009",2023,0,1,0,0
"ST00440","S009",2024,0,0,0,0
"ST00441","S009",2024,0,0,0,0
"ST00442","S009",2024,0,0,0,0
"ST00443","S009",2024,0,0,0,0
"ST00444","S009",2024,0,0,0,0
"ST00445","S009",2024,0,0,0,0
"ST00446","S009",2024,0,0,0,0
"ST00447","S009",2024,0,0,0,0
"ST00448","S009",2024,0,0,0,0
"ST00449","S009",2024,0,0,0,0
"ST00450","S009",2024,0,0,0,0
"ST00451","S009",2024,0,0,0,0
"ST00452","S009",2024,1,0,0,0
"ST00453","S009",2024,0,0,1,0
"ST00454","S009",2024,0,0,0,0
"ST00455","S009",2024,1,1,1,0
"ST00456","S009",2024,0,0,0,0
"ST00457","S009",2025,0,0,0,0
"ST00458","S009",2025,0,0,0,0
"ST00459","S009",2025,0,1,0,0
"ST00460","S009",2025,0,0,0,0
"ST00461","S009",2025,0,1,0,0
"ST00462","S009",2025,1,1,1,0
"ST00463","S009",2025,1,1,1,0
"ST00464","S009",2025,1,0,0,0
"ST00465","S009",2025,0,0,0,0
"ST00466","S009",2025,0,0,1,0
"ST00467","S009",2025,1,0,0,0
"ST00468","S009",2025,0,0,1,0
"ST00469","S009",2025,1,1,1,0
"ST00470","S010",2021,1,0,0,0
"ST00471","S010",2021,1,0,1,0
"ST00472","S010",2021,0,0,1,0
"ST00473","S010",2021,0,0,1,0
"ST00474","S010",2021,0,0,0,0
"ST00475","S010",2021,1,0,0,0
"ST00476","S010",2021,1,1,0,0
"ST00477","S010",2021,0,0,0,0
"ST00478","S010",2021,0,0,0,0
"ST00479","S010",2021,1,1,1,0
"ST00480","S010",2021,0,1,0,0
"ST00481","S010",2021,1,0,0,0
"ST00482","S010",2021,1,1,0,0
"ST00483","S010",2021,0,0,0,0
"ST00484","S010",2021,0,0,0,0
"ST00485","S010",2021,0,0,0,0
"ST00486","S010",2021,0,0,0,0
"ST00487","S010",2021,1,0,0,0
"ST00488","S010",2021,0,0,0,0
"ST00489","S010",2022,0,0,0,0
"ST00490","S010",2022,1,0,1,0
"ST00491","S010",2022,0,0,1,0
"ST00492","S010",2022,1,1,0,0
"ST00493","S010",2022,0,0,1,0
"ST00494","S010",2022,1,1,1,0
"ST00495","S010",2022,1,0,1,0
"ST00496","S010",2022,1,0,0,0
"ST00497","S010",2022,0,1,0,0
"ST00498","S010",2022,0,0,0,0
"ST00499","S010",2022,0,0,0,0
"ST00500","S010",2022,1,1,1,0
"ST00501","S010",2022,1,0,0,0
"ST00502","S010",2022,1,1,1,0
"ST00503","S010",2022,1,0,0,0
"ST00504","S010",2022,0,0,0,0
"ST00505","S010",2022,0,0,1,0
"ST00506","S010",2022,1,0,0,0
"ST00507","S010",2023,0,1,1,0
"ST00508","S010",2023,0,1,0,0
"ST00509","S010",2023,0,0,0,0
"ST00510","S010",2023,1,0,0,0
"ST00511","S010",2023,1,1,1,0
"ST00512","S010",2023,0,0,0,0
"ST00513","S010",2023,0,1,0,0
"ST00514","S010",2023,1,1,0,0
"ST00515","S010",2023,1,1,1,0
"ST00516","S010",2023,0,0,0,0
"ST00517","S010",2023,0,1,1,0
"ST00518","S010",2023,1,0,0,0
"ST00519","S010",2023,0,1,1,0
"ST00520","S010",2024,1,1,0,0
"ST00521","S010",2024,1,1,1,0
"ST00522","S010",2024,0,1,0,0
"ST00523","S010",2024,1,0,0,0
"ST00524","S010",2024,1,0,0,0
"ST00525","S010",2024,0,0,1,1
"ST00526","S010",2024,1,0,0,0
"ST00527","S010",2024,1,0,0,0
"ST00528","S010",2024,0,0,0,0
"ST00529","S010",2024,0,0,0,0
"ST00530","S010",2024,1,0,1,0
"ST00531","S010",2024,1,0,0,0
"ST00532","S010",2024,1,0,1,0
"ST00533","S010",2024,1,1,1,0
"ST00534","S010",2024,1,0,0,0
"ST00535","S010",2024,1,0,1,0
"ST00536","S010",2024,0,1,0,0
"ST00537","S010",2024,1,0,1,0
"ST00538","S010",2024,0,1,1,0
"ST00539","S010",2024,1,0,0,0
"ST00540","S010",2024,0,0,0,0
"ST00541","S010",2024,0,0,0,0
"ST00542","S010",2024,0,0,0,0
"ST00543","S010",2025,1,1,1,0
"ST00544","S010",2025,0,0,0,0
"ST00545","S010",2025,1,1,1,0
"ST00546","S010",2025,1,0,1,0
"ST00547","S010",2025,1,0,1,0
"ST00548","S010",2025,1,1,0,0
"ST00549","S010",2025,1,0,0,0
"ST00550","S010",2025,0,1,0,0
"ST00551","S010",2025,1,1,0,0
"ST00552","S010",2025,1,1,1,0
"ST00553","S010",2025,1,1,1,0
"ST00554","S010",2025,1,0,1,0
"ST00555","S010",2025,0,0,1,0
"ST00556","S010",2025,1,1,1,1
"ST00557","S010",2025,1,0,0,0
"ST00558","S010",2025,1,1,0,0
"ST00559","S011",2021,0,1,0,0
"ST00560","S011",2021,0,0,0,0
"ST00561","S011",2021,0,0,0,0
"ST00562","S011",2021,0,0,0,0
"ST00563","S011",2021,0,0,0,0
"ST00564","S011",2021,0,1,0,0
"ST00565","S011",2021,0,0,0,0
"ST00566","S011",2021,1,0,0,0
"ST00567","S011",2021,0,0,0,0
"ST00568","S011",2021,1,0,0,0
"ST00569","S011",2021,0,0,0,0
"ST00570","S011",2021,0,0,0,0
"ST00571","S011",2021,1,0,0,0
"ST00572","S011",2022,1,0,1,0
"ST00573","S011",2022,1,1,1,0
"ST00574","S011",2022,0,1,0,0
"ST00575","S011",2022,0,0,0,0
"ST00576","S011",2022,0,0,0,0
"ST00577","S011",2022,1,0,0,0
"ST00578","S011",2022,1,1,0,0
"ST00579","S011",2022,0,0,0,0
"ST00580","S011",2022,0,1,1,0
"ST00581","S011",2022,1,1,0,0
"ST00582","S011",2022,1,0,0,0
"ST00583","S011",2022,0,1,0,0
"ST00584","S011",2022,0,0,1,0
"ST00585","S011",2023,1,0,0,0
"ST00586","S011",2023,1,1,0,0
"ST00587","S011",2023,0,0,0,0
"ST00588","S011",2023,0,0,0,0
"ST00589","S011",2023,1,0,1,0
"ST00590","S011",2023,0,0,0,0
"ST00591","S011",2023,1,1,0,0
"ST00592","S011",2023,1,1,1,0
"ST00593","S011",2023,1,0,0,0
"ST00594","S011",2023,1,1,1,0
"ST00595","S011",2023,1,1,0,0
"ST00596","S011",2024,1,1,0,0
"ST00597","S011",2024,0,0,0,0
"ST00598","S011",2024,1,0,1,0
"ST00599","S011",2024,0,0,0,0
"ST00600","S011",2024,0,0,0,0
"ST00601","S011",2024,1,1,1,0
"ST00602","S011",2024,1,1,0,0
"ST00603","S011",2024,1,0,1,0
"ST00604","S011",2024,1,0,0,0
"ST00605","S011",2024,0,0,0,0
"ST00606","S011",2024,0,0,0,0
"ST00607","S011",2024,0,0,0,0
"ST00608","S011",2025,0,1,0,0
"ST00609","S011",2025,1,0,0,0
"ST00610","S011",2025,0,0,0,0
"ST00611","S011",2025,1,1,1,0
"ST00612","S011",2025,0,0,0,0
"ST00613","S011",2025,0,0,1,0
"ST00614","S011",2025,0,0,0,0
"ST00615","S011",2025,1,0,0,0
"ST00616","S011",2025,0,0,0,0
"ST00617","S011",2025,1,1,0,0
"ST00618","S011",2025,0,0,0,0
"ST00619","S012",2021,0,0,0,0
"ST00620","S012",2021,1,1,1,0
"ST00621","S012",2021,1,1,0,0
"ST00622","S012",2021,0,0,0,0
"ST00623","S012",2021,0,1,0,0
"ST00624","S012",2021,0,0,0,0
"ST00625","S012",2021,0,0,0,0
"ST00626","S012",2021,0,0,1,0
"ST00627","S012",2021,0,0,0,0
"ST00628","S012",2021,0,0,0,0
"ST00629","S012",2021,0,0,0,0
"ST00630","S012",2021,0,1,1,0
"ST00631","S012",2021,0,0,0,0
"ST00632","S012",2021,0,0,0,0
"ST00633","S012",2021,0,0,0,0
"ST00634","S012",2021,1,1,1,0
"ST00635","S012",2021,0,0,1,0
"ST00636","S012",2022,0,0,0,0
"ST00637","S012",2022,0,0,1,0
"ST00638","S012",2022,1,1,1,0
"ST00639","S012",2022,1,0,0,0
"ST00640","S012",2022,0,0,0,0
"ST00641","S012",2022,1,1,1,0
"ST00642","S012",2022,1,0,0,0
"ST00643","S012",2022,0,0,0,0
"ST00644","S012",2022,1,0,1,0
"ST00645","S012",2022,0,1,0,0
"ST00646","S012",2022,0,0,0,0
"ST00647","S012",2022,1,0,1,0
"ST00648","S012",2022,1,1,1,0
"ST00649","S012",2022,0,0,0,0
"ST00650","S012",2022,0,0,0,0
"ST00651","S012",2023,0,0,0,0
"ST00652","S012",2023,1,1,1,0
"ST00653","S012",2023,0,0,1,0
"ST00654","S012",2023,1,1,1,0
"ST00655","S012",2023,0,0,0,0
"ST00656","S012",2023,0,0,0,0
"ST00657","S012",2023,0,0,1,0
"ST00658","S012",2023,0,0,0,0
"ST00659","S012",2023,1,1,0,0
"ST00660","S012",2023,0,1,1,0
"ST00661","S012",2023,0,1,1,0
"ST00662","S012",2023,1,1,0,0
"ST00663","S012",2023,1,1,0,0
"ST00664","S012",2024,0,1,0,1
"ST00665","S012",2024,0,0,0,0
"ST00666","S012",2024,0,0,0,0
"ST00667","S012",2024,1,0,0,0
"ST00668","S012",2024,1,1,0,0
"ST00669","S012",2024,0,1,1,0
"ST00670","S012",2024,0,0,0,0
"ST00671","S012",2024,0,1,1,0
"ST00672","S012",2024,1,0,0,0
"ST00673","S012",2024,1,0,0,0
"ST00674","S012",2024,0,1,1,0
"ST00675","S012",2024,0,0,0,0
"ST00676","S012",2025,1,1,1,0
"ST00677","S012",2025,1,1,0,0
"ST00678","S012",2025,1,1,1,0
"ST00679","S012",2025,1,0,0,0
"ST00680","S012",2025,0,1,0,0
"ST00681","S012",2025,0,1,0,0
"ST00682","S012",2025,1,1,1,0
"ST00683","S012",2025,1,0,1,0
"ST00684","S012",2025,1,0,0,0
"ST00685","S012",2025,1,1,1,0
"ST00686","S012",2025,1,0,1,0
"ST00687","S012",2025,0,0,0,0
"ST00688","S013",2021,0,0,0,0
"ST00689","S013",2021,0,0,0,0
"ST00690","S013",2021,0,1,0,0
"ST00691","S013",2021,1,0,0,0
"ST00692","S013",2021,1,1,0,0
"ST00693","S013",2021,1,0,0,0
"ST00694","S013",2021,0,0,0,0
"ST00695","S013",2021,1,0,0,0
"ST00696","S013",2021,1,1,0,0
"ST00697","S013",2021,1,0,0,0
"ST00698","S013",2021,0,0,0,0
"ST00699","S013",2021,1,0,0,0
"ST00700","S013",2021,1,1,1,0
"ST00701","S013",2021,0,0,0,0
"ST00702","S013",2021,0,1,0,0
"ST00703","S013",2021,1,1,1,0
"ST00704","S013",2022,0,0,0,0
"ST00705","S013",2022,0,0,0,0
"ST00706","S013",2022,1,1,0,0
"ST00707","S013",2022,0,1,1,0
"ST00708","S013",2022,1,0,0,0
"ST00709","S013",2022,1,0,1,0
"ST00710","S013",2022,1,1,0,0
"ST00711","S013",2022,1,1,0,0
"ST00712","S013",2022,0,0,0,0
"ST00713","S013",2022,1,0,0,0
"ST00714","S013",2022,1,0,1,0
"ST00715","S013",2022,0,0,0,0
"ST00716","S013",2022,0,0,0,0
"ST00717","S013",2022,1,0,0,0
"ST00718","S013",2022,1,1,0,0
"ST00719","S013",2022,1,1,1,1
"ST00720","S013",2023,1,1,0,0
"ST00721","S013",2023,1,0,0,0
"ST00722","S013",2023,0,0,0,0
"ST00723","S013",2023,0,1,0,0
"ST00724","S013",2023,1,1,0,0
"ST00725","S013",2023,0,0,0,0
"ST00726","S013",2023,1,1,1,0
"ST00727","S013",2023,0,0,0,0
"ST00728","S013",2023,1,1,0,0
"ST00729","S013",2023,1,1,1,0
"ST00730","S013",2023,0,0,0,0
"ST00731","S013",2023,0,0,0,0
"ST00732","S013",2023,1,1,0,0
"ST00733","S013",2023,1,0,1,0
"ST00734","S013",2023,1,0,0,0
"ST00735","S013",2023,1,0,0,0
"ST00736","S013",2024,1,1,0,0
"ST00737","S013",2024,1,1,0,0
"ST00738","S013",2024,0,0,0,0
"ST00739","S013",2024,0,1,0,0
"ST00740","S013",2024,1,1,1,0
"ST00741","S013",2024,0,0,0,0
"ST00742","S013",2024,0,0,0,0
"ST00743","S013",2024,0,0,0,0
"ST00744","S013",2024,0,1,0,0
"ST00745","S013",2024,1,1,0,0
"ST00746","S013",2024,0,0,1,0
"ST00747","S013",2024,1,0,1,0
"ST00748","S013",2024,0,0,0,0
"ST00749","S013",2024,1,0,0,0
"ST00750","S013",2024,1,1,1,0
"ST00751","S013",2024,0,0,1,0
"ST00752","S013",2024,0,0,0,0
"ST00753","S013",2024,1,0,0,0
"ST00754","S013",2025,0,0,0,0
"ST00755","S013",2025,1,0,1,0
"ST00756","S013",2025,1,1,1,0
"ST00757","S013",2025,1,1,0,0
"ST00758","S013",2025,1,0,0,0
"ST00759","S013",2025,0,0,0,0
"ST00760","S013",2025,1,1,1,0
"ST00761","S013",2025,0,0,0,0
"ST00762","S013",2025,1,0,0,0
"ST00763","S013",2025,1,0,0,0
"ST00764","S013",2025,0,0,0,0
"ST00765","S013",2025,0,0,0,0
"ST00766","S013",2025,0,0,0,0
"ST00767","S013",2025,1,1,0,0
"ST00768","S013",2025,1,1,1,0
"ST00769","S013",2025,0,1,1,0
"ST00770","S014",2021,1,1,1,0
"ST00771","S014",2021,0,0,0,0
"ST00772","S014",2021,0,0,0,0
"ST00773","S014",2021,0,0,0,0
"ST00774","S014",2021,1,0,0,0
"ST00775","S014",2021,1,0,0,0
"ST00776","S014",2021,0,1,1,0
"ST00777","S014",2021,0,0,0,0
"ST00778","S014",2021,0,0,0,0
"ST00779","S014",2021,0,1,1,0
"ST00780","S014",2021,0,0,1,0
"ST00781","S014",2021,0,0,0,0
"ST00782","S014",2021,1,0,0,0
"ST00783","S014",2021,1,0,0,0
"ST00784","S014",2021,1,1,1,0
"ST00785","S014",2021,1,1,0,0
"ST00786","S014",2021,0,1,0,0
"ST00787","S014",2021,0,0,0,0
"ST00788","S014",2021,1,1,0,0
"ST00789","S014",2021,0,0,0,0
"ST00790","S014",2021,0,0,0,0
"ST00791","S014",2021,1,0,0,0
"ST00792","S014",2021,0,0,0,0
"ST00793","S014",2022,0,0,0,0
"ST00794","S014",2022,1,0,0,0
"ST00795","S014",2022,0,0,0,0
"ST00796","S014",2022,1,1,0,0
"ST00797","S014",2022,1,1,1,0
"ST00798","S014",2022,1,0,0,0
"ST00799","S014",2022,0,0,0,0
"ST00800","S014",2022,0,0,0,0
"ST00801","S014",2022,0,0,0,0
"ST00802","S014",2022,1,0,0,0
"ST00803","S014",2022,1,0,0,1
"ST00804","S014",2022,0,0,0,1
"ST00805","S014",2022,0,0,0,0
"ST00806","S014",2022,1,1,0,0
"ST00807","S014",2022,1,0,1,0
"ST00808","S014",2023,0,0,0,0
"ST00809","S014",2023,0,0,0,0
"ST00810","S014",2023,1,1,0,0
"ST00811","S014",2023,1,1,1,0
"ST00812","S014",2023,0,0,0,0
"ST00813","S014",2023,1,0,0,0
"ST00814","S014",2023,1,1,0,0
"ST00815","S014",2023,1,0,0,0
"ST00816","S014",2023,1,0,0,0
"ST00817","S014",2023,0,0,0,0
"ST00818","S014",2023,1,0,0,0
"ST00819","S014",2023,1,0,0,0
"ST00820","S014",2023,1,0,0,0
"ST00821","S014",2023,0,0,0,0
"ST00822","S014",2023,1,1,1,0
"ST00823","S014",2023,1,0,0,0
"ST00824","S014",2023,0,0,0,0
"ST00825","S014",2023,0,0,0,0
"ST00826","S014",2023,0,1,1,0
"ST00827","S014",2023,1,1,1,0
"ST00828","S014",2023,0,0,0,0
"ST00829","S014",2023,1,1,0,0
"ST00830","S014",2024,0,0,0,0
"ST00831","S014",2024,1,1,0,0
"ST00832","S014",2024,1,0,0,0
"ST00833","S014",2024,0,0,0,0
"ST00834","S014",2024,1,0,0,0
"ST00835","S014",2024,0,0,0,0
"ST00836","S014",2024,1,1,1,0
"ST00837","S014",2024,0,0,0,0
"ST00838","S014",2024,1,1,0,0
"ST00839","S014",2024,1,0,1,0
"ST00840","S014",2024,0,0,1,0
"ST00841","S014",2024,1,1,0,0
"ST00842","S014",2024,1,0,0,0
"ST00843","S014",2024,0,0,0,0
"ST00844","S014",2025,0,0,0,0
"ST00845","S014",2025,0,0,1,0
"ST00846","S014",2025,0,1,0,0
"ST00847","S014",2025,0,0,0,0
"ST00848","S014",2025,0,0,0,0
"ST00849","S014",2025,1,0,0,0
"ST00850","S014",2025,1,0,0,0
"ST00851","S014",2025,0,0,0,0
"ST00852","S014",2025,0,0,0,0
"ST00853","S014",2025,0,0,0,0
"ST00854","S014",2025,0,1,0,0
"ST00855","S014",2025,0,0,0,0
"ST00856","S014",2025,0,1,0,0
"ST00857","S015",2021,1,0,1,1
"ST00858","S015",2021,0,0,1,0
"ST00859","S015",2021,1,1,0,0
"ST00860","S015",2021,1,1,1,0
"ST00861","S015",2021,0,1,1,0
"ST00862","S015",2021,0,0,1,0
"ST00863","S015",2021,1,1,0,0
"ST00864","S015",2021,1,1,1,0
"ST00865","S015",2021,0,0,1,0
"ST00866","S015",2021,1,1,1,1
"ST00867","S015",2021,1,1,1,0
"ST00868","S015",2021,1,1,1,0
"ST00869","S015",2021,0,1,0,0
"ST00870","S015",2021,1,1,1,0
"ST00871","S015",2022,1,0,0,0
"ST00872","S015",2022,1,0,0,0
"ST00873","S015",2022,1,1,1,0
"ST00874","S015",2022,1,0,0,0
"ST00875","S015",2022,1,1,0,0
"ST00876","S015",2022,0,1,0,0
"ST00877","S015",2022,1,1,1,0
"ST00878","S015",2022,1,1,1,0
"ST00879","S015",2022,0,1,1,0
"ST00880","S015",2022,0,1,1,1
"ST00881","S015",2022,0,1,1,0
"ST00882","S015",2022,0,1,0,0
"ST00883","S015",2022,0,0,1,0
"ST00884","S015",2022,1,1,1,0
"ST00885","S015",2022,1,1,0,0
"ST00886","S015",2022,1,0,1,0
"ST00887","S015",2022,0,0,0,0
"ST00888","S015",2022,1,1,1,0
"ST00889","S015",2022,0,1,1,0
"ST00890","S015",2022,1,1,1,0
"ST00891","S015",2022,1,1,0,0
"ST00892","S015",2022,0,1,1,0
"ST00893","S015",2022,0,1,0,0
"ST00894","S015",2023,0,0,0,0
"ST00895","S015",2023,1,1,1,0
"ST00896","S015",2023,0,1,1,0
"ST00897","S015",2023,0,0,0,0
"ST00898","S015",2023,0,0,1,0
"ST00899","S015",2023,1,1,1,0
"ST00900","S015",2023,1,1,1,0
"ST00901","S015",2023,1,1,1,0
"ST00902","S015",2023,1,1,1,0
"ST00903","S015",2023,0,0,1,0
"ST00904","S015",2023,1,1,1,0
"ST00905","S015",2023,1,1,1,0
"ST00906","S015",2023,0,1,1,0
"ST00907","S015",2023,1,1,1,0
"ST00908","S015",2023,0,0,0,0
"ST00909","S015",2023,0,0,1,0
"ST00910","S015",2023,1,1,1,1
"ST00911","S015",2024,1,1,1,0
"ST00912","S015",2024,1,1,1,0
"ST00913","S015",2024,0,0,0,0
"ST00914","S015",2024,0,1,1,0
"ST00915","S015",2024,1,1,1,0
"ST00916","S015",2024,0,0,0,0
"ST00917","S015",2024,0,1,1,0
"ST00918","S015",2024,1,0,0,0
"ST00919","S015",2024,0,0,0,0
"ST00920","S015",2024,0,1,0,0
"ST00921","S015",2024,0,0,0,0
"ST00922","S015",2024,1,1,1,0
"ST00923","S015",2024,1,1,1,0
"ST00924","S015",2024,1,1,1,0
"ST00925","S015",2024,1,1,1,0
"ST00926","S015",2024,1,1,1,0
"ST00927","S015",2025,1,1,0,0
"ST00928","S015",2025,1,1,1,1
"ST00929","S015",2025,0,1,0,0
"ST00930","S015",2025,0,1,0,0
"ST00931","S015",2025,0,1,1,0
"ST00932","S015",2025,0,0,0,0
"ST00933","S015",2025,0,1,0,0
"ST00934","S015",2025,0,1,1,0
"ST00935","S015",2025,0,0,0,0
"ST00936","S015",2025,0,0,0,0
"ST00937","S015",2025,0,0,0,0
"ST00938","S015",2025,1,1,1,0
"ST00939","S015",2025,1,0,1,0
"ST00940","S015",2025,1,1,0,0
"ST00941","S015",2025,0,0,0,0
"ST00942","S015",2025,1,1,0,0
"ST00943","S015",2025,0,0,0,0
"ST00944","S015",2025,0,0,1,0
"ST00945","S015",2025,1,1,1,0
"ST00946","S015",2025,0,0,0,0
"ST00947","S015",2025,1,0,0,0
"ST00948","S015",2025,0,1,0,0
"ST00949","S016",2021,0,0,0,0
"ST00950","S016",2021,1,1,1,0
"ST00951","S016",2021,0,0,0,0
"ST00952","S016",2021,1,0,0,0
"ST00953","S016",2021,1,1,1,0
"ST00954","S016",2021,0,0,0,0
"ST00955","S016",2021,1,1,0,0
"ST00956","S016",2021,1,1,0,0
"ST00957","S016",2021,0,0,0,0
"ST00958","S016",2021,0,0,0,0
"ST00959","S016",2021,0,0,0,0
"ST00960","S016",2021,0,0,0,0
"ST00961","S016",2021,1,0,0,0
"ST00962","S016",2021,1,0,0,0
"ST00963","S016",2021,1,0,0,0
"ST00964","S016",2021,1,1,1,0
"ST00965","S016",2022,0,0,0,0
"ST00966","S016",2022,0,1,0,0
"ST00967","S016",2022,0,0,0,0
"ST00968","S016",2022,1,1,0,0
"ST00969","S016",2022,1,1,1,0
"ST00970","S016",2022,1,0,1,0
"ST00971","S016",2022,1,0,0,0
"ST00972","S016",2022,1,0,0,0
"ST00973","S016",2022,1,1,0,0
"ST00974","S016",2022,1,1,1,0
"ST00975","S016",2022,1,1,0,0
"ST00976","S016",2022,0,0,0,0
"ST00977","S016",2022,0,1,0,0
"ST00978","S016",2022,1,1,0,0
"ST00979","S016",2022,1,0,0,0
"ST00980","S016",2022,1,1,1,0
"ST00981","S016",2022,0,0,0,0
"ST00982","S016",2022,1,0,0,0
"ST00983","S016",2022,0,0,0,0
"ST00984","S016",2022,1,0,0,0
"ST00985","S016",2023,1,1,1,0
"ST00986","S016",2023,0,0,0,0
"ST00987","S016",2023,0,0,0,0
"ST00988","S016",2023,0,0,0,0
"ST00989","S016",2023,0,0,0,0
"ST00990","S016",2023,0,0,0,0
"ST00991","S016",2023,0,0,0,0
"ST00992","S016",2023,1,0,0,0
"ST00993","S016",2023,1,0,0,0
"ST00994","S016",2023,0,1,0,0
"ST00995","S016",2023,1,0,0,0
"ST00996","S016",2023,0,1,0,0
"ST00997","S016",2023,1,0,0,0
"ST00998","S016",2023,1,1,1,0
"ST00999","S016",2023,0,0,0,0
"ST01000","S016",2023,1,0,0,0
"ST01001","S016",2023,1,0,1,0
"ST01002","S016",2024,0,0,1,0
"ST01003","S016",2024,1,0,0,0
"ST01004","S016",2024,1,0,0,0
"ST01005","S016",2024,0,0,0,0
"ST01006","S016",2024,0,0,0,0
"ST01007","S016",2024,1,1,0,0
"ST01008","S016",2024,1,0,1,0
"ST01009","S016",2024,1,1,1,0
"ST01010","S016",2024,0,0,0,0
"ST01011","S016",2024,1,0,0,0
"ST01012","S016",2024,0,1,0,0
"ST01013","S016",2024,1,0,0,0
"ST01014","S016",2024,0,0,0,0
"ST01015","S016",2025,1,1,0,0
"ST01016","S016",2025,1,0,0,0
"ST01017","S016",2025,1,0,0,0
"ST01018","S016",2025,0,0,0,0
"ST01019","S016",2025,1,1,1,0
"ST01020","S016",2025,1,1,0,0
"ST01021","S016",2025,0,0,0,0
"ST01022","S016",2025,0,1,0,0
"ST01023","S016",2025,0,0,0,0
"ST01024","S016",2025,1,0,0,0
"ST01025","S016",2025,1,0,0,0
"ST01026","S016",2025,1,1,0,0
"ST01027","S016",2025,0,0,0,0
"ST01028","S016",2025,0,1,0,0
"ST01029","S016",2025,0,0,0,0
"ST01030","S016",2025,1,1,1,0
"ST01031","S017",2021,1,0,0,0
"ST01032","S017",2021,1,0,0,0
"ST01033","S017",2021,1,0,1,0
"ST01034","S017",2021,0,0,0,0
"ST01035","S017",2021,0,0,0,0
"ST01036","S017",2021,1,0,0,0
"ST01037","S017",2021,0,0,0,0
"ST01038","S017",2021,0,0,0,0
"ST01039","S017",2021,0,0,0,0
"ST01040","S017",2021,0,0,0,0
"ST01041","S017",2021,0,1,0,0
"ST01042","S017",2021,0,0,0,0
"ST01043","S017",2021,0,0,0,0
"ST01044","S017",2021,1,0,0,0
"ST01045","S017",2021,1,0,0,0
"ST01046","S017",2021,0,0,0,0
"ST01047","S017",2021,0,0,0,0
"ST01048","S017",2022,0,0,0,0
"ST01049","S017",2022,0,0,0,0
"ST01050","S017",2022,0,0,0,0
"ST01051","S017",2022,1,0,0,0
"ST01052","S017",2022,0,0,0,0
"ST01053","S017",2022,0,0,0,0
"ST01054","S017",2022,0,0,0,0
"ST01055","S017",2022,0,0,1,0
"ST01056","S017",2022,0,0,0,0
"ST01057","S017",2022,0,1,0,0
"ST01058","S017",2022,0,0,0,0
"ST01059","S017",2022,0,0,1,0
"ST01060","S017",2022,0,0,0,0
"ST01061","S017",2022,1,0,0,0
"ST01062","S017",2022,1,0,0,0
"ST01063","S017",2022,0,0,0,0
"ST01064","S017",2022,0,0,1,0
"ST01065","S017",2022,1,0,0,0
"ST01066","S017",2023,0,0,1,0
"ST01067","S017",2023,1,0,0,0
"ST01068","S017",2023,0,0,0,0
"ST01069","S017",2023,0,0,0,0
"ST01070","S017",2023,0,0,0,0
"ST01071","S017",2023,0,0,1,0
"ST01072","S017",2023,0,0,0,0
"ST01073","S017",2023,1,0,1,0
"ST01074","S017",2023,1,0,0,0
"ST01075","S017",2023,0,1,1,0
"ST01076","S017",2023,1,0,1,0
"ST01077","S017",2023,0,0,0,0
"ST01078","S017",2023,1,0,0,0
"ST01079","S017",2023,1,0,0,0
"ST01080","S017",2023,0,0,0,0
"ST01081","S017",2023,0,0,1,0
"ST01082","S017",2023,1,1,0,0
"ST01083","S017",2023,0,0,0,0
"ST01084","S017",2023,0,0,0,0
"ST01085","S017",2023,1,1,0,0
"ST01086","S017",2023,0,0,0,0
"ST01087","S017",2024,1,0,1,0
"ST01088","S017",2024,0,0,0,0
"ST01089","S017",2024,0,0,1,0
"ST01090","S017",2024,0,0,0,0
"ST01091","S017",2024,1,0,0,0
"ST01092","S017",2024,0,0,0,0
"ST01093","S017",2024,1,0,0,0
"ST01094","S017",2024,1,1,0,0
"ST01095","S017",2024,0,0,0,0
"ST01096","S017",2024,0,0,0,0
"ST01097","S017",2024,0,0,0,0
"ST01098","S017",2024,0,0,0,0
"ST01099","S017",2024,1,0,0,0
"ST01100","S017",2024,0,0,0,0
"ST01101","S017",2025,0,1,0,0
"ST01102","S017",2025,0,0,1,0
"ST01103","S017",2025,1,0,0,0
"ST01104","S017",2025,1,0,0,0
"ST01105","S017",2025,1,1,1,0
"ST01106","S017",2025,1,0,1,0
"ST01107","S017",2025,0,0,0,0
"ST01108","S017",2025,0,0,0,0
"ST01109","S017",2025,1,0,1,0
"ST01110","S017",2025,0,0,0,0
"ST01111","S017",2025,0,0,0,0
"ST01112","S017",2025,0,0,0,0
"ST01113","S017",2025,1,0,1,0
"ST01114","S017",2025,0,0,0,0
"ST01115","S017",2025,0,0,0,0
"ST01116","S017",2025,0,0,0,0
"ST01117","S017",2025,0,0,1,0
"ST01118","S017",2025,1,1,1,0
"ST01119","S017",2025,0,0,0,0
"ST01120","S018",2021,0,0,0,0
"ST01121","S018",2021,0,0,0,0
"ST01122","S018",2021,0,0,0,0
"ST01123","S018",2021,0,0,0,0
"ST01124","S018",2021,1,0,0,0
"ST01125","S018",2021,0,0,0,0
"ST01126","S018",2021,1,0,0,0
"ST01127","S018",2021,1,1,1,0
"ST01128","S018",2021,1,0,0,0
"ST01129","S018",2021,0,0,0,0
"ST01130","S018",2021,1,1,1,0
"ST01131","S018",2021,1,0,0,0
"ST01132","S018",2021,0,0,0,0
"ST01133","S018",2021,0,0,0,0
"ST01134","S018",2021,0,1,0,0
"ST01135","S018",2021,0,0,0,0
"ST01136","S018",2021,0,0,0,0
"ST01137","S018",2021,0,1,0,0
"ST01138","S018",2021,1,1,0,0
"ST01139","S018",2021,0,0,0,0
"ST01140","S018",2021,1,1,0,0
"ST01141","S018",2022,1,0,0,0
"ST01142","S018",2022,1,1,1,0
"ST01143","S018",2022,1,1,0,0
"ST01144","S018",2022,0,0,0,0
"ST01145","S018",2022,0,1,0,0
"ST01146","S018",2022,0,1,1,0
"ST01147","S018",2022,1,1,1,0
"ST01148","S018",2022,1,1,1,0
"ST01149","S018",2022,1,0,1,0
"ST01150","S018",2022,0,0,0,0
"ST01151","S018",2022,0,0,0,0
"ST01152","S018",2022,1,1,0,0
"ST01153","S018",2022,0,0,0,0
"ST01154","S018",2022,1,1,1,1
"ST01155","S018",2022,1,1,1,0
"ST01156","S018",2022,1,1,0,0
"ST01157","S018",2022,1,1,0,0
"ST01158","S018",2022,1,1,1,0
"ST01159","S018",2023,1,0,0,0
"ST01160","S018",2023,0,1,0,0
"ST01161","S018",2023,1,1,0,0
"ST01162","S018",2023,1,1,0,0
"ST01163","S018",2023,0,0,0,0
"ST01164","S018",2023,0,0,0,0
"ST01165","S018",2023,0,0,0,0
"ST01166","S018",2023,0,0,0,0
"ST01167","S018",2023,0,1,0,0
"ST01168","S018",2023,0,1,0,0
"ST01169","S018",2023,0,1,1,0
"ST01170","S018",2023,0,0,0,0
"ST01171","S018",2023,1,0,0,0
"ST01172","S018",2023,0,0,0,0
"ST01173","S018",2023,1,1,0,0
"ST01174","S018",2024,1,1,0,0
"ST01175","S018",2024,1,1,0,0
"ST01176","S018",2024,1,1,0,0
"ST01177","S018",2024,0,0,0,0
"ST01178","S018",2024,1,0,0,0
"ST01179","S018",2024,0,0,0,0
"ST01180","S018",2024,1,0,0,0
"ST01181","S018",2024,1,1,0,0
"ST01182","S018",2024,0,1,0,0
"ST01183","S018",2024,1,0,0,0
"ST01184","S018",2024,0,1,1,0
"ST01185","S018",2024,1,1,0,0
"ST01186","S018",2024,1,1,1,0
"ST01187","S018",2024,1,0,1,0
"ST01188","S018",2024,1,0,0,0
"ST01189","S018",2024,1,0,0,0
"ST01190","S018",2024,1,0,1,0
"ST01191","S018",2024,1,0,0,0
"ST01192","S018",2024,1,1,0,0
"ST01193","S018",2025,1,1,0,0
"ST01194","S018",2025,0,0,0,0
"ST01195","S018",2025,0,0,0,0
"ST01196","S018",2025,1,0,0,0
"ST01197","S018",2025,0,1,0,0
"ST01198","S018",2025,1,0,0,0
"ST01199","S018",2025,1,1,1,0
"ST01200","S018",2025,0,1,0,0
"ST01201","S018",2025,0,0,0,0
"ST01202","S018",2025,1,1,1,0
"ST01203","S018",2025,1,1,0,0
"ST01204","S018",2025,0,0,0,0
"ST01205","S018",2025,0,0,0,0
"ST01206","S018",2025,0,0,0,0
"ST01207","S018",2025,0,0,0,0
"ST01208","S018",2025,0,1,1,0
"ST01209","S018",2025,0,0,0,0
"ST01210","S018",2025,1,0,0,0
"ST01211","S018",2025,1,1,0,0
"ST01212","S018",2025,1,1,0,0
"ST01213","S018",2025,0,1,1,0
"ST01214","S018",2025,0,0,0,0
"ST01215","S018",2025,1,0,0,0
"ST01216","S018",2025,1,1,1,0
"ST01217","S018",2025,1,0,0,0
"ST01218","S019",2021,0,0,0,0
"ST01219","S019",2021,1,1,0,0
"ST01220","S019",2021,0,0,0,0
"ST01221","S019",2021,1,1,0,0
"ST01222","S019",2021,0,0,0,0
"ST01223","S019",2021,0,0,0,0
"ST01224","S019",2021,0,1,0,0
"ST01225","S019",2021,0,1,0,0
"ST01226","S019",2021,0,0,0,0
"ST01227","S019",2021,0,1,0,0
"ST01228","S019",2021,1,1,1,0
"ST01229","S019",2021,0,0,0,0
"ST01230","S019",2021,0,0,0,0
"ST01231","S019",2021,0,0,0,0
"ST01232","S019",2021,0,0,0,0
"ST01233","S019",2021,0,0,0,0
"ST01234","S019",2021,0,0,0,0
"ST01235","S019",2021,0,0,0,0
"ST01236","S019",2021,1,0,0,0
"ST01237","S019",2021,0,0,0,0
"ST01238","S019",2021,0,1,0,0
"ST01239","S019",2022,0,1,1,0
"ST01240","S019",2022,0,0,0,0
"ST01241","S019",2022,1,1,0,0
"ST01242","S019",2022,0,0,0,0
"ST01243","S019",2022,1,0,0,0
"ST01244","S019",2022,0,0,1,0
"ST01245","S019",2022,1,1,0,0
"ST01246","S019",2022,0,0,0,0
"ST01247","S019",2022,1,0,0,0
"ST01248","S019",2022,0,1,0,0
"ST01249","S019",2022,0,0,0,0
"ST01250","S019",2022,0,1,0,0
"ST01251","S019",2022,0,0,0,0
"ST01252","S019",2022,0,0,0,0
"ST01253","S019",2022,0,0,0,0
"ST01254","S019",2022,0,0,0,0
"ST01255","S019",2022,1,0,0,0
"ST01256","S019",2022,1,0,1,0
"ST01257","S019",2022,1,1,1,0
"ST01258","S019",2022,0,0,0,0
"ST01259","S019",2022,1,1,0,0
"ST01260","S019",2022,1,0,0,0
"ST01261","S019",2022,1,1,0,0
"ST01262","S019",2022,0,0,0,0
"ST01263","S019",2023,0,0,0,0
"ST01264","S019",2023,0,0,0,0
"ST01265","S019",2023,1,1,0,0
"ST01266","S019",2023,0,0,1,0
"ST01267","S019",2023,0,0,0,0
"ST01268","S019",2023,0,0,0,0
"ST01269","S019",2023,1,1,1,0
"ST01270","S019",2023,0,0,1,0
"ST01271","S019",2023,1,0,0,0
"ST01272","S019",2023,1,0,0,0
"ST01273","S019",2023,0,0,0,0
"ST01274","S019",2023,1,1,0,0
"ST01275","S019",2023,0,0,0,0
"ST01276","S019",2023,1,1,1,0
"ST01277","S019",2023,0,0,0,0
"ST01278","S019",2023,1,0,0,0
"ST01279","S019",2023,0,0,0,0
"ST01280","S019",2023,0,1,0,0
"ST01281","S019",2023,0,0,0,0
"ST01282","S019",2023,0,1,0,0
"ST01283","S019",2023,1,0,0,0
"ST01284","S019",2023,1,0,1,0
"ST01285","S019",2023,0,0,0,0
"ST01286","S019",2024,0,0,0,0
"ST01287","S019",2024,0,0,0,0
"ST01288","S019",2024,0,0,1,0
"ST01289","S019",2024,0,0,0,0
"ST01290","S019",2024,0,0,0,0
"ST01291","S019",2024,1,0,0,0
"ST01292","S019",2024,0,1,0,0
"ST01293","S019",2024,0,0,0,0
"ST01294","S019",2024,0,0,1,0
"ST01295","S019",2024,0,0,0,0
"ST01296","S019",2024,1,1,0,0
"ST01297","S019",2024,0,0,0,0
"ST01298","S019",2024,0,0,0,0
"ST01299","S019",2024,0,0,0,0
"ST01300","S019",2024,0,0,0,0
"ST01301","S019",2024,0,0,0,0
"ST01302","S019",2024,0,0,0,0
"ST01303","S019",2024,1,1,1,0
"ST01304","S019",2025,0,0,0,0
"ST01305","S019",2025,0,0,0,0
"ST01306","S019",2025,1,1,0,0
"ST01307","S019",2025,0,0,0,0
"ST01308","S019",2025,0,0,0,0
"ST01309","S019",2025,0,0,0,0
"ST01310","S019",2025,0,0,0,0
"ST01311","S019",2025,1,1,0,0
"ST01312","S019",2025,1,1,0,0
"ST01313","S019",2025,1,0,0,1
"ST01314","S019",2025,0,0,0,0
"ST01315","S019",2025,0,0,0,0
"ST01316","S019",2025,1,0,0,0
"ST01317","S019",2025,0,0,0,0
"ST01318","S019",2025,0,0,0,0
"ST01319","S019",2025,1,0,0,0
"ST01320","S019",2025,1,0,0,0
"ST01321","S019",2025,0,0,0,0
"ST01322","S019",2025,0,0,0,0
"ST01323","S019",2025,0,1,0,0
"ST01324","S020",2021,0,0,0,0
"ST01325","S020",2021,0,0,0,0
"ST01326","S020",2021,0,0,0,0
"ST01327","S020",2021,0,0,0,0
"ST01328","S020",2021,1,0,1,0
"ST01329","S020",2021,1,1,0,0
"ST01330","S020",2021,0,0,1,0
"ST01331","S020",2021,0,0,1,0
"ST01332","S020",2021,0,1,1,0
"ST01333","S020",2021,0,0,0,0
"ST01334","S020",2021,0,0,0,0
"ST01335","S020",2021,0,0,0,0
"ST01336","S020",2021,0,0,0,0
"ST01337","S020",2021,0,0,1,0
"ST01338","S020",2021,0,0,0,0
"ST01339","S020",2021,1,1,1,0
"ST01340","S020",2021,1,1,0,0
"ST01341","S020",2021,0,0,0,0
"ST01342","S020",2021,0,0,0,0
"ST01343","S020",2021,0,1,0,0
"ST01344","S020",2021,0,0,0,0
"ST01345","S020",2021,0,1,1,0
"ST01346","S020",2021,0,0,0,0
"ST01347","S020",2021,0,0,1,0
"ST01348","S020",2022,0,0,0,0
"ST01349","S020",2022,1,0,0,0
"ST01350","S020",2022,0,0,0,0
"ST01351","S020",2022,0,0,1,0
"ST01352","S020",2022,1,0,0,0
"ST01353","S020",2022,1,1,0,0
"ST01354","S020",2022,0,0,0,0
"ST01355","S020",2022,0,0,0,0
"ST01356","S020",2022,0,1,0,0
"ST01357","S020",2022,1,0,1,1
"ST01358","S020",2022,1,0,0,0
"ST01359","S020",2022,0,1,0,0
"ST01360","S020",2022,0,0,0,0
"ST01361","S020",2022,0,0,1,0
"ST01362","S020",2022,0,0,0,0
"ST01363","S020",2022,1,0,0,0
"ST01364","S020",2022,0,0,0,0
"ST01365","S020",2022,0,0,0,0
"ST01366","S020",2022,0,0,0,0
"ST01367","S020",2022,0,1,1,1
"ST01368","S020",2023,0,0,0,0
"ST01369","S020",2023,1,0,0,0
"ST01370","S020",2023,0,0,0,0
"ST01371","S020",2023,0,0,0,0
"ST01372","S020",2023,0,0,0,0
"ST01373","S020",2023,0,0,0,0
"ST01374","S020",2023,0,0,1,0
"ST01375","S020",2023,0,0,0,0
"ST01376","S020",2023,1,1,1,0
"ST01377","S020",2023,0,0,0,0
"ST01378","S020",2023,0,0,0,0
"ST01379","S020",2023,1,0,0,0
"ST01380","S020",2023,0,0,0,0
"ST01381","S020",2023,1,0,1,0
"ST01382","S020",2023,1,0,0,0
"ST01383","S020",2023,1,1,0,1
"ST01384","S020",2023,1,1,1,0
"ST01385","S020",2023,0,0,0,0
"ST01386","S020",2023,0,0,0,0
"ST01387","S020",2023,0,0,0,0
"ST01388","S020",2023,0,0,0,0
"ST01389","S020",2023,1,0,0,0
"ST01390","S020",2023,0,0,0,0
"ST01391","S020",2023,0,0,0,0
"ST01392","S020",2023,1,0,0,0
"ST01393","S020",2023,0,0,1,0
"ST01394","S020",2023,0,0,0,0
"ST01395","S020",2023,0,1,0,0
"ST01396","S020",2023,0,0,0,0
"ST01397","S020",2023,1,0,0,0
"ST01398","S020",2023,0,1,1,0
"ST01399","S020",2023,1,1,0,0
"ST01400","S020",2024,0,1,0,0
"ST01401","S020",2024,0,1,0,0
"ST01402","S020",2024,0,0,0,0
"ST01403","S020",2024,0,0,0,0
"ST01404","S020",2024,0,0,0,0
"ST01405","S020",2024,1,0,0,0
"ST01406","S020",2024,0,0,0,0
"ST01407","S020",2024,0,0,1,0
"ST01408","S020",2024,1,0,0,0
"ST01409","S020",2024,0,0,0,0
"ST01410","S020",2024,0,0,0,0
"ST01411","S020",2024,1,0,0,0
"ST01412","S020",2024,1,1,0,0
"ST01413","S020",2024,0,0,0,0
"ST01414","S020",2024,0,0,1,0
"ST01415","S020",2024,0,0,0,0
"ST01416","S020",2024,0,0,0,0
"ST01417","S020",2024,0,1,0,0
"ST01418","S020",2024,1,1,1,0
"ST01419","S020",2024,1,0,0,0
"ST01420","S020",2025,0,0,0,0
"ST01421","S020",2025,0,0,1,0
"ST01422","S020",2025,1,0,1,0
"ST01423","S020",2025,0,0,0,0
"ST01424","S020",2025,0,0,0,0
"ST01425","S020",2025,0,0,0,0
"ST01426","S020",2025,1,0,0,0
"ST01427","S020",2025,0,0,0,0
"ST01428","S020",2025,0,0,0,0
"ST01429","S020",2025,0,0,0,0
"ST01430","S020",2025,0,1,0,0
"ST01431","S020",2025,0,0,0,0
"ST01432","S020",2025,0,0,0,0
"ST01433","S020",2025,0,0,0,0
"ST01434","S020",2025,0,0,0,0
"ST01435","S020",2025,0,0,0,0
"ST01436","S020",2025,0,0,1,0
"ST01437","S020",2025,1,0,0,0
"ST01438","S020",2025,0,0,0,0
"ST01439","S021",2021,1,1,0,0
"ST01440","S021",2021,1,0,0,1
"ST01441","S021",2021,1,0,0,0
"ST01442","S021",2021,1,1,1,0
"ST01443","S021",2021,0,0,0,0
"ST01444","S021",2021,0,0,0,0
"ST01445","S021",2021,1,1,0,0
"ST01446","S021",2021,1,0,1,0
"ST01447","S021",2021,1,0,1,0
"ST01448","S021",2021,0,0,0,0
"ST01449","S021",2021,0,0,1,0
"ST01450","S021",2021,1,0,0,0
"ST01451","S021",2021,0,1,1,0
"ST01452","S021",2021,0,0,0,0
"ST01453","S021",2021,0,0,0,0
"ST01454","S021",2021,0,0,0,0
"ST01455","S021",2021,0,0,0,0
"ST01456","S021",2022,0,0,0,0
"ST01457","S021",2022,0,0,0,0
"ST01458","S021",2022,0,1,0,0
"ST01459","S021",2022,0,1,0,0
"ST01460","S021",2022,0,1,0,0
"ST01461","S021",2022,1,0,1,0
"ST01462","S021",2022,0,0,0,0
"ST01463","S021",2022,1,1,1,0
"ST01464","S021",2022,0,0,0,0
"ST01465","S021",2022,0,0,0,0
"ST01466","S021",2022,0,1,0,0
"ST01467","S021",2022,1,1,1,1
"ST01468","S021",2022,1,1,0,0
"ST01469","S021",2022,0,1,1,0
"ST01470","S021",2022,0,0,0,0
"ST01471","S021",2022,1,1,1,0
"ST01472","S021",2022,1,1,1,1
"ST01473","S021",2022,0,0,0,0
"ST01474","S021",2022,0,0,0,0
"ST01475","S021",2022,1,1,1,0
"ST01476","S021",2022,0,0,0,0
"ST01477","S021",2022,0,0,0,0
"ST01478","S021",2022,0,0,0,0
"ST01479","S021",2022,0,0,0,0
"ST01480","S021",2023,0,1,0,0
"ST01481","S021",2023,1,0,0,0
"ST01482","S021",2023,0,1,0,0
"ST01483","S021",2023,1,0,0,0
"ST01484","S021",2023,1,0,0,0
"ST01485","S021",2023,1,1,0,0
"ST01486","S021",2023,1,1,0,0
"ST01487","S021",2023,1,0,0,0
"ST01488","S021",2023,1,1,0,0
"ST01489","S021",2023,0,1,1,0
"ST01490","S021",2023,0,1,1,0
"ST01491","S021",2023,1,1,1,0
"ST01492","S021",2023,1,0,0,0
"ST01493","S021",2023,1,1,0,0
"ST01494","S021",2023,1,1,1,0
"ST01495","S021",2023,0,0,0,0
"ST01496","S021",2023,1,1,0,0
"ST01497","S021",2023,0,0,1,0
"ST01498","S021",2023,0,0,0,0
"ST01499","S021",2023,0,0,0,0
"ST01500","S021",2023,0,1,0,0
"ST01501","S021",2023,0,0,0,0
"ST01502","S021",2024,1,0,1,0
"ST01503","S021",2024,1,0,0,0
"ST01504","S021",2024,0,1,0,0
"ST01505","S021",2024,1,0,0,0
"ST01506","S021",2024,0,0,0,0
"ST01507","S021",2024,1,1,0,0
"ST01508","S021",2024,0,0,0,0
"ST01509","S021",2024,0,0,0,0
"ST01510","S021",2024,0,0,0,0
"ST01511","S021",2024,0,0,0,0
"ST01512","S021",2024,0,1,1,0
"ST01513","S021",2024,0,0,0,0
"ST01514","S021",2024,0,0,0,0
"ST01515","S021",2024,1,0,1,0
"ST01516","S021",2024,0,1,1,0
"ST01517","S021",2024,1,1,0,0
"ST01518","S021",2024,0,0,0,0
"ST01519","S021",2024,1,0,0,0
"ST01520","S021",2024,1,0,0,0
"ST01521","S021",2024,1,1,1,0
"ST01522","S021",2024,0,0,0,0
"ST01523","S021",2024,0,0,0,0
"ST01524","S021",2024,0,0,1,0
"ST01525","S021",2025,1,1,0,0
"ST01526","S021",2025,1,1,1,0
"ST01527","S021",2025,0,0,0,0
"ST01528","S021",2025,0,0,0,0
"ST01529","S021",2025,0,1,1,0
"ST01530","S021",2025,0,0,0,0
"ST01531","S021",2025,0,0,0,0
"ST01532","S021",2025,1,1,1,0
"ST01533","S021",2025,0,0,0,0
"ST01534","S021",2025,0,0,0,0
"ST01535","S021",2025,0,1,1,0
"ST01536","S021",2025,0,0,1,0
"ST01537","S021",2025,1,0,0,0
"ST01538","S021",2025,0,0,0,0
"ST01539","S021",2025,0,0,0,0
"ST01540","S021",2025,0,0,0,1
"ST01541","S021",2025,1,0,1,0
"ST01542","S021",2025,1,0,1,0
"ST01543","S021",2025,0,0,1,0
"ST01544","S021",2025,1,1,1,0
"ST01545","S021",2025,1,1,1,0
"ST01546","S021",2025,0,0,0,0
"ST01547","S021",2025,0,0,0,0
"ST01548","S021",2025,0,0,0,0
"ST01549","S021",2025,0,0,0,0
"ST01550","S022",2021,1,1,0,0
"ST01551","S022",2021,0,0,1,0
"ST01552","S022",2021,0,0,0,0
"ST01553","S022",2021,0,0,0,0
"ST01554","S022",2021,1,0,0,0
"ST01555","S022",2021,0,0,0,0
"ST01556","S022",2021,0,1,0,0
"ST01557","S022",2021,0,1,0,0
"ST01558","S022",2021,0,0,0,0
"ST01559","S022",2021,0,0,0,0
"ST01560","S022",2021,0,0,1,0
"ST01561","S022",2021,0,1,1,0
"ST01562","S022",2021,0,0,0,0
"ST01563","S022",2021,1,1,1,0
"ST01564","S022",2021,0,0,1,0
"ST01565","S022",2021,1,1,0,0
"ST01566","S022",2021,0,0,0,0
"ST01567","S022",2021,1,0,0,0
"ST01568","S022",2021,1,1,1,0
"ST01569","S022",2021,1,0,0,0
"ST01570","S022",2021,0,0,0,0
"ST01571","S022",2021,0,0,0,0
"ST01572","S022",2021,1,1,0,0
"ST01573","S022",2021,0,0,0,0
"ST01574","S022",2021,0,0,0,0
"ST01575","S022",2022,0,0,0,0
"ST01576","S022",2022,0,0,0,0
"ST01577","S022",2022,1,1,1,0
"ST01578","S022",2022,1,0,1,0
"ST01579","S022",2022,0,0,0,0
"ST01580","S022",2022,1,0,0,0
"ST01581","S022",2022,0,1,1,0
"ST01582","S022",2022,0,0,0,0
"ST01583","S022",2022,0,0,0,0
"ST01584","S022",2022,0,0,1,0
"ST01585","S022",2022,0,0,0,0
"ST01586","S022",2022,0,0,0,0
"ST01587","S022",2022,0,0,0,0
"ST01588","S022",2022,1,0,0,0
"ST01589","S022",2022,0,1,0,0
"ST01590","S022",2022,0,1,0,0
"ST01591","S022",2022,0,1,0,0
"ST01592","S022",2022,0,0,0,0
"ST01593","S022",2022,0,0,0,0
"ST01594","S022",2022,0,0,0,0
"ST01595","S022",2022,1,0,0,0
"ST01596","S022",2022,0,0,0,0
"ST01597","S022",2022,1,1,0,0
"ST01598","S022",2023,0,0,1,0
"ST01599","S022",2023,1,0,1,0
"ST01600","S022",2023,1,0,1,0
"ST01601","S022",2023,0,0,0,0
"ST01602","S022",2023,0,0,0,0
"ST01603","S022",2023,1,0,0,0
"ST01604","S022",2023,1,0,0,0
"ST01605","S022",2023,0,0,0,0
"ST01606","S022",2023,0,0,0,0
"ST01607","S022",2023,0,0,0,0
"ST01608","S022",2023,1,0,1,0
"ST01609","S022",2023,1,1,0,0
"ST01610","S022",2023,1,0,0,0
"ST01611","S022",2023,0,0,0,0
"ST01612","S022",2023,0,0,0,0
"ST01613","S022",2023,1,1,1,0
"ST01614","S022",2023,0,0,0,0
"ST01615","S022",2023,1,0,0,0
"ST01616","S022",2023,0,0,0,0
"ST01617","S022",2023,1,0,1,0
"ST01618","S022",2023,0,0,0,0
"ST01619","S022",2023,0,0,0,0
"ST01620","S022",2023,0,0,0,0
"ST01621","S022",2023,0,0,0,0
"ST01622","S022",2023,1,1,1,0
"ST01623","S022",2023,0,0,0,0
"ST01624","S022",2023,0,0,0,0
"ST01625","S022",2023,0,0,0,0
"ST01626","S022",2023,0,0,0,0
"ST01627","S022",2023,0,0,0,0
"ST01628","S022",2023,1,1,1,0
"ST01629","S022",2024,1,0,0,0
"ST01630","S022",2024,0,0,0,0
"ST01631","S022",2024,0,0,0,0
"ST01632","S022",2024,0,0,0,0
"ST01633","S022",2024,1,0,0,0
"ST01634","S022",2024,0,0,0,0
"ST01635","S022",2024,0,0,0,0
"ST01636","S022",2024,1,0,0,0
"ST01637","S022",2024,1,1,0,0
"ST01638","S022",2024,0,0,0,0
"ST01639","S022",2024,0,1,0,0
"ST01640","S022",2024,0,0,0,0
"ST01641","S022",2024,1,1,1,0
"ST01642","S022",2024,0,0,0,0
"ST01643","S022",2024,1,1,0,0
"ST01644","S022",2024,1,0,0,0
"ST01645","S022",2024,1,0,0,0
"ST01646","S022",2024,0,1,0,0
"ST01647","S022",2024,0,0,0,0
"ST01648","S022",2024,0,0,0,0
"ST01649","S022",2024,0,1,0,0
"ST01650","S022",2024,0,0,0,0
"ST01651","S022",2024,0,1,1,0
"ST01652","S022",2024,0,0,0,0
"ST01653","S022",2024,1,0,0,0
"ST01654","S022",2024,0,0,0,0
"ST01655","S022",2024,0,0,0,0
"ST01656","S022",2024,1,0,1,0
"ST01657","S022",2025,0,0,0,0
"ST01658","S022",2025,1,1,0,0
"ST01659","S022",2025,0,0,0,0
"ST01660","S022",2025,1,1,0,0
"ST01661","S022",2025,0,1,1,0
"ST01662","S022",2025,0,0,0,0
"ST01663","S022",2025,0,0,0,0
"ST01664","S022",2025,0,0,1,0
"ST01665","S022",2025,0,0,0,0
"ST01666","S022",2025,0,0,0,0
"ST01667","S022",2025,0,0,0,0
"ST01668","S022",2025,0,0,0,0
"ST01669","S022",2025,0,0,0,0
"ST01670","S022",2025,0,0,0,0
"ST01671","S022",2025,1,1,1,0
"ST01672","S022",2025,1,1,0,0
"ST01673","S022",2025,1,1,1,0
"ST01674","S022",2025,0,0,0,0
"ST01675","S022",2025,0,0,0,0
"ST01676","S022",2025,1,0,0,0
"ST01677","S022",2025,0,0,0,0
"ST01678","S022",2025,0,0,0,0
"ST01679","S022",2025,0,0,0,0
"ST01680","S022",2025,0,0,0,0
"ST01681","S022",2025,0,0,0,0
"ST01682","S023",2021,0,0,0,0
"ST01683","S023",2021,0,0,1,0
"ST01684","S023",2021,0,0,0,0
"ST01685","S023",2021,0,1,0,0
"ST01686","S023",2021,1,0,0,0
"ST01687","S023",2021,1,0,0,0
"ST01688","S023",2021,0,0,0,0
"ST01689","S023",2021,0,0,0,0
"ST01690","S023",2021,1,0,1,0
"ST01691","S023",2021,0,0,0,0
"ST01692","S023",2021,1,1,1,0
"ST01693","S023",2021,0,0,0,0
"ST01694","S023",2021,1,1,0,0
"ST01695","S023",2021,0,0,0,0
"ST01696","S023",2021,0,0,0,0
"ST01697","S023",2021,0,0,0,0
"ST01698","S023",2021,0,0,0,0
"ST01699","S023",2021,1,0,1,0
"ST01700","S023",2021,0,1,0,0
"ST01701","S023",2021,0,0,0,0
"ST01702","S023",2021,0,0,0,0
"ST01703","S023",2021,0,1,0,0
"ST01704","S023",2021,1,0,1,0
"ST01705","S023",2021,0,0,0,0
"ST01706","S023",2021,0,0,0,0
"ST01707","S023",2021,1,0,1,0
"ST01708","S023",2021,1,1,1,0
"ST01709","S023",2022,1,0,1,0
"ST01710","S023",2022,0,0,0,0
"ST01711","S023",2022,1,0,1,0
"ST01712","S023",2022,0,0,0,0
"ST01713","S023",2022,1,0,0,0
"ST01714","S023",2022,1,1,1,1
"ST01715","S023",2022,1,0,0,0
"ST01716","S023",2022,1,0,1,0
"ST01717","S023",2022,1,0,0,0
"ST01718","S023",2022,0,0,1,0
"ST01719","S023",2022,1,0,0,0
"ST01720","S023",2022,0,0,1,0
"ST01721","S023",2022,1,0,0,0
"ST01722","S023",2022,0,0,0,0
"ST01723","S023",2022,0,0,0,0
"ST01724","S023",2022,1,0,0,0
"ST01725","S023",2022,0,0,0,0
"ST01726","S023",2022,0,0,0,0
"ST01727","S023",2022,0,0,0,0
"ST01728","S023",2022,1,0,0,0
"ST01729","S023",2022,1,1,0,0
"ST01730","S023",2022,0,0,1,0
"ST01731","S023",2023,0,0,0,0
"ST01732","S023",2023,0,0,0,0
"ST01733","S023",2023,1,0,0,0
"ST01734","S023",2023,0,0,0,0
"ST01735","S023",2023,0,0,0,0
"ST01736","S023",2023,0,0,0,0
"ST01737","S023",2023,0,0,1,0
"ST01738","S023",2023,0,0,0,0
"ST01739","S023",2023,1,0,0,0
"ST01740","S023",2023,0,0,1,0
"ST01741","S023",2023,0,0,0,0
"ST01742","S023",2023,0,0,0,0
"ST01743","S023",2023,0,1,0,0
"ST01744","S023",2023,0,0,0,0
"ST01745","S023",2023,1,0,0,0
"ST01746","S023",2023,1,0,0,0
"ST01747","S023",2023,0,1,0,0
"ST01748","S023",2023,0,0,0,0
"ST01749","S023",2023,1,0,0,0
"ST01750","S023",2023,1,1,0,0
"ST01751","S023",2023,0,0,0,0
"ST01752","S023",2023,0,0,0,0
"ST01753","S023",2023,1,0,0,0
"ST01754","S023",2024,1,0,0,0
"ST01755","S023",2024,0,0,0,0
"ST01756","S023",2024,0,0,0,0
"ST01757","S023",2024,1,0,1,0
"ST01758","S023",2024,1,0,0,0
"ST01759","S023",2024,1,0,1,0
"ST01760","S023",2024,1,1,1,0
"ST01761","S023",2024,0,0,1,0
"ST01762","S023",2024,0,0,0,0
"ST01763","S023",2024,0,0,0,0
"ST01764","S023",2024,1,1,1,0
"ST01765","S023",2024,1,1,0,0
"ST01766","S023",2024,1,0,1,0
"ST01767","S023",2024,1,0,0,0
"ST01768","S023",2024,0,0,0,0
"ST01769","S023",2024,1,0,0,0
"ST01770","S023",2024,0,0,0,0
"ST01771","S023",2024,1,0,1,0
"ST01772","S023",2024,1,0,1,0
"ST01773","S023",2024,0,0,0,0
"ST01774","S023",2024,1,0,1,0
"ST01775","S023",2025,0,0,0,0
"ST01776","S023",2025,0,0,1,0
"ST01777","S023",2025,0,0,1,0
"ST01778","S023",2025,1,0,0,0
"ST01779","S023",2025,0,0,0,0
"ST01780","S023",2025,0,1,0,1
"ST01781","S023",2025,1,0,0,0
"ST01782","S023",2025,0,0,0,0
"ST01783","S023",2025,1,1,0,0
"ST01784","S023",2025,0,0,0,0
"ST01785","S023",2025,0,0,0,1
"ST01786","S023",2025,0,0,0,0
"ST01787","S023",2025,0,0,0,0
"ST01788","S023",2025,0,0,0,0
"ST01789","S023",2025,1,1,1,0
"ST01790","S023",2025,0,0,1,0
"ST01791","S023",2025,0,0,0,0
"ST01792","S023",2025,1,0,0,0
"ST01793","S023",2025,0,0,0,0
"ST01794","S023",2025,1,0,0,0
"ST01795","S023",2025,0,0,1,0
"ST01796","S023",2025,0,0,0,0
"ST01797","S023",2025,0,0,0,0
"ST01798","S023",2025,0,1,1,0
"ST01799","S023",2025,0,0,0,0
"ST01800","S024",2021,1,0,0,0
"ST01801","S024",2021,1,0,0,0
"ST01802","S024",2021,1,1,0,0
"ST01803","S024",2021,1,1,0,0
"ST01804","S024",2021,1,1,0,0
"ST01805","S024",2021,1,0,0,0
"ST01806","S024",2021,0,1,0,0
"ST01807","S024",2021,1,1,0,0
"ST01808","S024",2021,1,0,0,0
"ST01809","S024",2021,0,0,0,0
"ST01810","S024",2021,1,1,1,0
"ST01811","S024",2021,1,1,1,1
"ST01812","S024",2021,0,0,1,0
"ST01813","S024",2021,0,1,0,0
"ST01814","S024",2021,1,0,0,0
"ST01815","S024",2021,1,0,0,0
"ST01816","S024",2021,0,0,0,0
"ST01817","S024",2021,1,0,0,0
"ST01818","S024",2021,1,1,1,1
"ST01819","S024",2021,0,0,0,0
"ST01820","S024",2021,1,1,0,0
"ST01821","S024",2021,1,1,1,0
"ST01822","S024",2021,0,0,0,0
"ST01823","S024",2022,0,0,0,0
"ST01824","S024",2022,0,0,0,0
"ST01825","S024",2022,0,0,0,0
"ST01826","S024",2022,0,0,0,0
"ST01827","S024",2022,0,0,0,0
"ST01828","S024",2022,1,1,0,0
"ST01829","S024",2022,1,1,0,0
"ST01830","S024",2022,0,1,0,0
"ST01831","S024",2022,1,0,0,0
"ST01832","S024",2022,0,0,0,0
"ST01833","S024",2022,1,1,0,0
"ST01834","S024",2022,1,1,1,0
"ST01835","S024",2022,0,0,0,0
"ST01836","S024",2022,1,1,0,0
"ST01837","S024",2022,0,0,0,0
"ST01838","S024",2022,1,0,0,0
"ST01839","S024",2022,1,0,0,0
"ST01840","S024",2022,1,1,1,0
"ST01841","S024",2022,1,1,1,0
"ST01842","S024",2022,0,0,0,0
"ST01843","S024",2022,1,0,0,0
"ST01844","S024",2022,1,0,0,0
"ST01845","S024",2022,0,0,1,0
"ST01846","S024",2022,1,0,0,0
"ST01847","S024",2022,0,0,0,0
"ST01848","S024",2022,1,0,0,0
"ST01849","S024",2022,1,1,1,0
"ST01850","S024",2022,1,0,0,0
"ST01851","S024",2022,0,0,0,0
"ST01852","S024",2022,1,1,0,0
"ST01853","S024",2022,0,0,0,0
"ST01854","S024",2022,1,0,0,0
"ST01855","S024",2022,1,0,0,0
"ST01856","S024",2022,0,0,0,0
"ST01857","S024",2022,0,1,1,0
"ST01858","S024",2023,0,0,0,0
"ST01859","S024",2023,1,0,0,0
"ST01860","S024",2023,1,0,0,0
"ST01861","S024",2023,1,1,0,0
"ST01862","S024",2023,0,1,1,0
"ST01863","S024",2023,0,0,0,0
"ST01864","S024",2023,0,1,1,0
"ST01865","S024",2023,0,0,0,0
"ST01866","S024",2023,1,0,0,0
"ST01867","S024",2023,1,1,1,0
"ST01868","S024",2023,1,1,1,0
"ST01869","S024",2023,0,0,0,0
"ST01870","S024",2023,0,0,0,0
"ST01871","S024",2023,0,0,0,0
"ST01872","S024",2023,0,0,0,0
"ST01873","S024",2023,0,0,0,0
"ST01874","S024",2023,0,1,0,0
"ST01875","S024",2023,1,0,1,0
"ST01876","S024",2023,1,0,0,0
"ST01877","S024",2023,0,0,0,0
"ST01878","S024",2023,0,1,1,0
"ST01879","S024",2023,0,0,0,0
"ST01880","S024",2023,0,0,0,0
"ST01881","S024",2023,1,0,0,0
"ST01882","S024",2023,1,1,0,0
"ST01883","S024",2023,1,1,0,0
"ST01884","S024",2023,0,1,0,0
"ST01885","S024",2024,1,1,0,0
"ST01886","S024",2024,1,0,1,0
"ST01887","S024",2024,1,0,1,0
"ST01888","S024",2024,1,1,1,0
"ST01889","S024",2024,0,0,0,0
"ST01890","S024",2024,1,1,1,0
"ST01891","S024",2024,1,0,0,0
"ST01892","S024",2024,0,0,0,0
"ST01893","S024",2024,0,0,1,0
"ST01894","S024",2024,1,0,0,0
"ST01895","S024",2024,0,0,0,0
"ST01896","S024",2024,0,0,0,0
"ST01897","S024",2024,0,0,0,0
"ST01898","S024",2024,0,1,1,0
"ST01899","S024",2024,1,0,0,0
"ST01900","S024",2024,1,0,1,0
"ST01901","S024",2024,0,1,0,0
"ST01902","S024",2024,0,0,0,0
"ST01903","S024",2024,1,1,0,0
"ST01904","S024",2025,1,1,0,0
"ST01905","S024",2025,0,0,0,0
"ST01906","S024",2025,0,0,0,0
"ST01907","S024",2025,1,0,1,0
"ST01908","S024",2025,0,0,0,0
"ST01909","S024",2025,1,0,0,0
"ST01910","S024",2025,1,1,0,0
"ST01911","S024",2025,0,1,1,0
"ST01912","S024",2025,0,0,0,0
"ST01913","S024",2025,1,1,0,0
"ST01914","S024",2025,0,1,0,0
"ST01915","S024",2025,1,1,0,0
"ST01916","S024",2025,1,1,1,0
"ST01917","S024",2025,0,0,0,0
"ST01918","S024",2025,1,0,0,0
"ST01919","S024",2025,0,0,1,0
"ST01920","S024",2025,1,0,0,0
"ST01921","S024",2025,1,0,0,0
"ST01922","S024",2025,0,1,0,0
"ST01923","S024",2025,1,0,0,0
"ST01924","S024",2025,0,0,0,0
"ST01925","S024",2025,0,1,1,0
"ST01926","S024",2025,1,0,0,0
"ST01927","S024",2025,0,0,0,0
"ST01928","S024",2025,0,0,0,0
"ST01929","S024",2025,1,1,1,0
"ST01930","S024",2025,0,0,0,0
"ST01931","S024",2025,0,0,1,0
"ST01932","S025",2021,0,0,0,0
"ST01933","S025",2021,0,0,0,0
"ST01934","S025",2021,1,1,1,0
"ST01935","S025",2021,0,0,1,0
"ST01936","S025",2021,0,0,0,0
"ST01937","S025",2021,0,0,0,0
"ST01938","S025",2021,1,0,0,0
"ST01939","S025",2021,1,1,1,0
"ST01940","S025",2021,1,0,1,0
"ST01941","S025",2021,1,1,1,0
"ST01942","S025",2021,0,0,0,0
"ST01943","S025",2021,0,0,0,0
"ST01944","S025",2021,0,0,0,0
"ST01945","S025",2021,1,1,0,0
"ST01946","S025",2021,1,1,1,0
"ST01947","S025",2021,0,0,0,0
"ST01948","S025",2021,0,0,1,0
"ST01949","S025",2021,0,0,0,0
"ST01950","S025",2021,0,0,0,0
"ST01951","S025",2021,0,0,0,0
"ST01952","S025",2021,0,0,0,0
"ST01953","S025",2021,1,0,0,0
"ST01954","S025",2021,0,0,1,0
"ST01955","S025",2021,1,0,0,0
"ST01956","S025",2021,0,0,0,0
"ST01957","S025",2022,0,0,0,0
"ST01958","S025",2022,1,1,1,0
"ST01959","S025",2022,1,1,0,0
"ST01960","S025",2022,0,0,0,0
"ST01961","S025",2022,1,1,0,0
"ST01962","S025",2022,1,0,1,0
"ST01963","S025",2022,0,1,1,0
"ST01964","S025",2022,1,1,1,0
"ST01965","S025",2022,1,0,0,0
"ST01966","S025",2022,0,0,0,0
"ST01967","S025",2022,1,0,0,0
"ST01968","S025",2022,0,0,0,0
"ST01969","S025",2022,0,0,0,0
"ST01970","S025",2022,1,0,0,0
"ST01971","S025",2022,0,0,0,0
"ST01972","S025",2022,0,1,1,0
"ST01973","S025",2022,0,0,0,0
"ST01974","S025",2022,0,0,0,0
"ST01975","S025",2022,0,0,0,0
"ST01976","S025",2022,0,0,0,0
"ST01977","S025",2023,0,0,1,0
"ST01978","S025",2023,1,0,0,0
"ST01979","S025",2023,0,0,0,0
"ST01980","S025",2023,1,0,0,0
"ST01981","S025",2023,0,0,0,0
"ST01982","S025",2023,0,0,1,0
"ST01983","S025",2023,0,0,0,0
"ST01984","S025",2023,0,0,0,0
"ST01985","S025",2023,1,1,0,0
"ST01986","S025",2023,1,0,0,0
"ST01987","S025",2023,1,0,0,0
"ST01988","S025",2023,0,0,0,0
"ST01989","S025",2023,1,0,0,0
"ST01990","S025",2023,0,0,1,0
"ST01991","S025",2023,0,1,1,0
"ST01992","S025",2023,0,0,0,0
"ST01993","S025",2023,1,0,0,0
"ST01994","S025",2023,1,0,0,0
"ST01995","S025",2023,1,1,0,0
"ST01996","S025",2023,0,0,0,0
"ST01997","S025",2023,0,0,0,0
"ST01998","S025",2023,0,0,0,0
"ST01999","S025",2023,0,1,0,0
"ST02000","S025",2023,0,0,0,0
"ST02001","S025",2023,1,0,0,0
"ST02002","S025",2023,1,0,1,0
"ST02003","S025",2023,1,1,1,0
"ST02004","S025",2023,0,0,0,0
"ST02005","S025",2023,1,0,0,0
"ST02006","S025",2023,0,1,0,0
"ST02007","S025",2023,0,0,0,0
"ST02008","S025",2023,0,0,1,0
"ST02009","S025",2023,0,1,1,0
"ST02010","S025",2024,0,1,1,0
"ST02011","S025",2024,1,0,0,0
"ST02012","S025",2024,1,0,0,0
"ST02013","S025",2024,0,0,0,0
"ST02014","S025",2024,1,0,0,0
"ST02015","S025",2024,0,1,0,0
"ST02016","S025",2024,1,1,1,0
"ST02017","S025",2024,0,0,0,0
"ST02018","S025",2024,1,1,0,0
"ST02019","S025",2024,0,0,0,0
"ST02020","S025",2024,0,1,1,0
"ST02021","S025",2024,0,0,0,0
"ST02022","S025",2024,0,0,0,0
"ST02023","S025",2024,0,0,0,0
"ST02024","S025",2024,1,1,1,0
"ST02025","S025",2024,0,0,0,0
"ST02026","S025",2024,1,1,0,0
"ST02027","S025",2024,1,1,1,0
"ST02028","S025",2024,1,0,0,0
"ST02029","S025",2024,0,0,0,0
"ST02030","S025",2024,0,1,1,0
"ST02031","S025",2024,0,1,0,0
"ST02032","S025",2024,0,0,0,0
"ST02033","S025",2024,0,1,1,0
"ST02034","S025",2024,0,0,0,0
"ST02035","S025",2024,0,1,0,0
"ST02036","S025",2024,0,0,0,0
"ST02037","S025",2025,0,0,0,0
"ST02038","S025",2025,0,0,0,0
"ST02039","S025",2025,0,0,0,0
"ST02040","S025",2025,0,0,0,0
"ST02041","S025",2025,1,1,0,0
"ST02042","S025",2025,0,0,0,0
"ST02043","S025",2025,0,1,1,0
"ST02044","S025",2025,0,0,0,0
"ST02045","S025",2025,1,1,1,0
"ST02046","S025",2025,0,0,0,0
"ST02047","S025",2025,1,1,1,0
"ST02048","S025",2025,1,1,0,0
"ST02049","S025",2025,1,0,0,0
"ST02050","S025",2025,0,0,0,0
"ST02051","S025",2025,0,0,0,0
"ST02052","S025",2025,0,0,0,0
"ST02053","S025",2025,1,1,0,0
"ST02054","S025",2025,0,0,0,0
"ST02055","S025",2025,1,1,1,1
"ST02056","S025",2025,0,0,0,0
"ST02057","S025",2025,1,1,0,0
"ST02058","S025",2025,1,1,1,0
"ST02059","S025",2025,0,1,0,0
"ST02060","S026",2021,0,0,0,0
"ST02061","S026",2021,0,0,0,0
"ST02062","S026",2021,1,0,0,0
"ST02063","S026",2021,1,0,1,0
"ST02064","S026",2021,0,1,1,0
"ST02065","S026",2021,0,0,0,0
"ST02066","S026",2021,0,0,0,0
"ST02067","S026",2021,0,0,0,0
"ST02068","S026",2021,1,1,0,0
"ST02069","S026",2021,0,1,0,0
"ST02070","S026",2021,0,0,0,0
"ST02071","S026",2021,0,0,0,0
"ST02072","S026",2021,1,1,0,1
"ST02073","S026",2021,0,0,1,0
"ST02074","S026",2021,0,0,0,0
"ST02075","S026",2021,1,1,0,0
"ST02076","S026",2021,0,1,0,1
"ST02077","S026",2021,0,0,0,0
"ST02078","S026",2021,0,1,0,0
"ST02079","S026",2021,1,1,0,0
"ST02080","S026",2022,1,0,1,0
"ST02081","S026",2022,0,1,0,0
"ST02082","S026",2022,0,1,1,0
"ST02083","S026",2022,1,0,1,0
"ST02084","S026",2022,1,0,0,0
"ST02085","S026",2022,1,1,1,0
"ST02086","S026",2022,1,1,0,0
"ST02087","S026",2022,1,0,0,0
"ST02088","S026",2022,0,1,0,0
"ST02089","S026",2022,1,1,1,0
"ST02090","S026",2022,1,1,1,0
"ST02091","S026",2022,0,0,1,0
"ST02092","S026",2022,0,0,0,0
"ST02093","S026",2022,1,1,0,0
"ST02094","S026",2022,1,1,0,0
"ST02095","S026",2022,1,0,0,0
"ST02096","S026",2022,1,1,0,0
"ST02097","S026",2022,1,0,0,1
"ST02098","S026",2022,0,0,0,0
"ST02099","S026",2022,1,1,0,0
"ST02100","S026",2022,0,0,0,0
"ST02101","S026",2022,0,0,0,0
"ST02102","S026",2022,1,1,1,0
"ST02103","S026",2022,0,0,0,0
"ST02104","S026",2023,0,1,0,0
"ST02105","S026",2023,0,0,0,0
"ST02106","S026",2023,1,0,0,0
"ST02107","S026",2023,1,1,0,0
"ST02108","S026",2023,1,0,0,0
"ST02109","S026",2023,0,1,1,0
"ST02110","S026",2023,0,0,0,0
"ST02111","S026",2023,0,0,0,0
"ST02112","S026",2023,0,1,0,0
"ST02113","S026",2023,1,0,1,0
"ST02114","S026",2023,0,0,1,0
"ST02115","S026",2023,1,0,0,0
"ST02116","S026",2023,1,0,0,0
"ST02117","S026",2023,0,0,0,0
"ST02118","S026",2023,1,1,1,0
"ST02119","S026",2023,1,1,0,0
"ST02120","S026",2023,1,0,0,0
"ST02121","S026",2023,0,1,0,0
"ST02122","S026",2023,1,1,1,0
"ST02123","S026",2023,1,1,1,0
"ST02124","S026",2023,0,0,0,0
"ST02125","S026",2023,0,0,0,0
"ST02126","S026",2023,0,1,0,0
"ST02127","S026",2023,1,1,1,0
"ST02128","S026",2023,1,0,0,0
"ST02129","S026",2023,0,1,1,0
"ST02130","S026",2023,1,1,0,0
"ST02131","S026",2024,1,0,0,0
"ST02132","S026",2024,1,0,0,0
"ST02133","S026",2024,0,0,0,0
"ST02134","S026",2024,1,1,0,0
"ST02135","S026",2024,0,0,0,0
"ST02136","S026",2024,0,1,0,0
"ST02137","S026",2024,0,0,0,0
"ST02138","S026",2024,1,0,0,0
"ST02139","S026",2024,1,0,0,0
"ST02140","S026",2024,0,0,0,0
"ST02141","S026",2024,1,0,0,0
"ST02142","S026",2024,1,1,1,0
"ST02143","S026",2024,1,1,1,0
"ST02144","S026",2024,1,0,0,0
"ST02145","S026",2024,0,0,0,0
"ST02146","S026",2024,1,1,1,0
"ST02147","S026",2024,0,0,1,0
"ST02148","S026",2024,0,0,0,0
"ST02149","S026",2024,1,1,1,0
"ST02150","S026",2024,1,0,0,0
"ST02151","S026",2024,0,0,0,0
"ST02152","S026",2024,1,1,1,0
"ST02153","S026",2024,1,0,0,0
"ST02154","S026",2024,0,0,0,0
"ST02155","S026",2024,0,1,0,0
"ST02156","S026",2024,0,1,1,0
"ST02157","S026",2024,1,1,0,0
"ST02158","S026",2024,1,0,0,0
"ST02159","S026",2024,0,0,0,0
"ST02160","S026",2024,1,0,0,0
"ST02161","S026",2024,0,0,0,0
"ST02162","S026",2024,0,0,0,0
"ST02163","S026",2024,1,1,0,0
"ST02164","S026",2025,1,1,0,0
"ST02165","S026",2025,1,0,0,0
"ST02166","S026",2025,0,0,0,0
"ST02167","S026",2025,1,1,0,0
"ST02168","S026",2025,0,0,1,0
"ST02169","S026",2025,1,0,1,0
"ST02170","S026",2025,0,0,0,0
"ST02171","S026",2025,1,1,1,0
"ST02172","S026",2025,0,0,0,0
"ST02173","S026",2025,1,1,1,0
"ST02174","S026",2025,1,1,0,0
"ST02175","S026",2025,1,0,0,0
"ST02176","S026",2025,0,0,0,0
"ST02177","S026",2025,0,0,0,0
"ST02178","S026",2025,1,1,1,0
"ST02179","S026",2025,1,0,0,0
"ST02180","S026",2025,0,0,0,0
"ST02181","S026",2025,0,0,0,0
"ST02182","S026",2025,1,1,1,0
"ST02183","S026",2025,1,1,1,0
"ST02184","S026",2025,0,0,0,0
"ST02185","S026",2025,1,0,0,0
"ST02186","S027",2021,1,1,1,0
"ST02187","S027",2021,0,0,0,0
"ST02188","S027",2021,1,1,0,0
"ST02189","S027",2021,0,0,1,0
"ST02190","S027",2021,1,1,1,0
"ST02191","S027",2021,1,0,0,0
"ST02192","S027",2021,1,1,1,0
"ST02193","S027",2021,0,1,0,0
"ST02194","S027",2021,1,1,0,0
"ST02195","S027",2021,1,1,0,0
"ST02196","S027",2021,1,0,1,0
"ST02197","S027",2021,1,1,0,0
"ST02198","S027",2021,0,1,1,0
"ST02199","S027",2021,1,1,1,0
"ST02200","S027",2021,1,1,0,0
"ST02201","S027",2021,1,1,1,0
"ST02202","S027",2021,0,1,0,0
"ST02203","S027",2021,0,0,0,0
"ST02204","S027",2021,1,1,1,0
"ST02205","S027",2021,1,1,1,0
"ST02206","S027",2021,0,0,0,0
"ST02207","S027",2021,0,0,0,0
"ST02208","S027",2021,1,1,1,0
"ST02209","S027",2021,0,0,0,0
"ST02210","S027",2021,0,0,1,0
"ST02211","S027",2022,0,0,0,0
"ST02212","S027",2022,1,1,0,0
"ST02213","S027",2022,0,1,1,0
"ST02214","S027",2022,0,1,1,0
"ST02215","S027",2022,1,0,1,0
"ST02216","S027",2022,1,1,1,0
"ST02217","S027",2022,1,1,1,0
"ST02218","S027",2022,0,0,0,0
"ST02219","S027",2022,0,0,1,0
"ST02220","S027",2022,0,0,0,0
"ST02221","S027",2022,0,0,0,0
"ST02222","S027",2022,1,1,1,0
"ST02223","S027",2022,0,1,1,0
"ST02224","S027",2022,0,0,0,0
"ST02225","S027",2022,0,1,0,0
"ST02226","S027",2022,1,1,0,0
"ST02227","S027",2022,1,1,1,0
"ST02228","S027",2022,0,0,1,0
"ST02229","S027",2022,1,0,0,0
"ST02230","S027",2022,0,0,0,0
"ST02231","S027",2022,1,1,1,0
"ST02232","S027",2022,1,1,0,0
"ST02233","S027",2022,0,0,1,0
"ST02234","S027",2023,1,1,1,0
"ST02235","S027",2023,1,1,0,0
"ST02236","S027",2023,1,1,1,0
"ST02237","S027",2023,1,1,1,0
"ST02238","S027",2023,1,1,1,0
"ST02239","S027",2023,0,1,1,0
"ST02240","S027",2023,1,1,1,0
"ST02241","S027",2023,1,0,0,0
"ST02242","S027",2023,1,1,0,0
"ST02243","S027",2023,0,0,0,0
"ST02244","S027",2023,1,0,1,0
"ST02245","S027",2023,0,0,1,0
"ST02246","S027",2023,1,1,1,0
"ST02247","S027",2023,1,1,0,0
"ST02248","S027",2023,1,0,0,0
"ST02249","S027",2023,0,0,1,0
"ST02250","S027",2023,0,0,1,0
"ST02251","S027",2023,1,1,1,0
"ST02252","S027",2023,1,1,1,0
"ST02253","S027",2023,1,1,1,0
"ST02254","S027",2023,0,1,1,0
"ST02255","S027",2023,1,0,0,0
"ST02256","S027",2023,1,1,1,0
"ST02257","S027",2023,0,1,1,0
"ST02258","S027",2023,0,0,0,0
"ST02259","S027",2023,0,1,1,0
"ST02260","S027",2023,0,1,0,0
"ST02261","S027",2023,1,0,0,0
"ST02262","S027",2023,1,0,0,0
"ST02263","S027",2024,0,1,0,0
"ST02264","S027",2024,1,1,1,0
"ST02265","S027",2024,0,1,1,0
"ST02266","S027",2024,0,0,0,0
"ST02267","S027",2024,0,0,0,0
"ST02268","S027",2024,0,0,1,0
"ST02269","S027",2024,1,1,1,0
"ST02270","S027",2024,1,1,0,0
"ST02271","S027",2024,1,1,1,0
"ST02272","S027",2024,0,1,0,0
"ST02273","S027",2024,0,1,0,0
"ST02274","S027",2024,1,1,1,0
"ST02275","S027",2024,1,0,1,0
"ST02276","S027",2024,1,1,1,0
"ST02277","S027",2024,1,1,0,0
"ST02278","S027",2024,0,0,0,0
"ST02279","S027",2024,1,1,1,0
"ST02280","S027",2024,1,0,0,0
"ST02281","S027",2024,0,1,1,0
"ST02282","S027",2024,1,0,1,0
"ST02283","S027",2024,0,0,0,0
"ST02284","S027",2024,1,1,1,0
"ST02285","S027",2024,1,1,0,0
"ST02286","S027",2024,1,0,1,0
"ST02287","S027",2024,0,1,0,0
"ST02288","S027",2024,1,1,1,0
"ST02289","S027",2024,1,1,0,0
"ST02290","S027",2024,1,1,1,0
"ST02291","S027",2025,1,0,0,0
"ST02292","S027",2025,1,0,0,0
"ST02293","S027",2025,1,1,1,0
"ST02294","S027",2025,0,0,0,0
"ST02295","S027",2025,1,1,1,0
"ST02296","S027",2025,0,0,1,0
"ST02297","S027",2025,1,1,1,0
"ST02298","S027",2025,1,1,1,0
"ST02299","S027",2025,1,1,0,0
"ST02300","S027",2025,0,0,1,0
"ST02301","S027",2025,1,1,1,0
"ST02302","S027",2025,1,1,1,0
"ST02303","S027",2025,1,1,0,0
"ST02304","S027",2025,0,0,0,0
"ST02305","S027",2025,0,0,0,0
"ST02306","S027",2025,1,1,1,0
"ST02307","S027",2025,1,0,0,0
"ST02308","S027",2025,1,1,0,0
"ST02309","S027",2025,0,1,0,0
"ST02310","S027",2025,1,0,0,1
"ST02311","S028",2021,0,0,0,0
"ST02312","S028",2021,1,1,0,0
"ST02313","S028",2021,1,1,1,0
"ST02314","S028",2021,1,0,0,0
"ST02315","S028",2021,1,1,0,0
"ST02316","S028",2021,1,1,1,0
"ST02317","S028",2021,1,0,1,0
"ST02318","S028",2021,1,1,0,0
"ST02319","S028",2021,0,0,0,0
"ST02320","S028",2021,0,0,0,0
"ST02321","S028",2021,1,1,1,0
"ST02322","S028",2021,0,1,0,0
"ST02323","S028",2021,0,1,1,0
"ST02324","S028",2021,0,0,0,0
"ST02325","S028",2021,0,1,0,0
"ST02326","S028",2021,1,1,0,0
"ST02327","S028",2021,1,1,0,0
"ST02328","S028",2021,1,0,0,0
"ST02329","S028",2021,1,1,0,0
"ST02330","S028",2021,0,0,1,0
"ST02331","S028",2021,1,1,0,0
"ST02332","S028",2021,1,1,1,0
"ST02333","S028",2021,1,1,1,0
"ST02334","S028",2021,1,0,0,0
"ST02335","S028",2021,0,1,0,0
"ST02336","S028",2021,1,0,1,0
"ST02337","S028",2022,1,1,0,0
"ST02338","S028",2022,1,0,1,0
"ST02339","S028",2022,1,1,1,0
"ST02340","S028",2022,0,0,0,0
"ST02341","S028",2022,1,0,0,0
"ST02342","S028",2022,1,0,0,0
"ST02343","S028",2022,1,0,0,0
"ST02344","S028",2022,1,1,1,0
"ST02345","S028",2022,1,1,1,0
"ST02346","S028",2022,1,1,1,0
"ST02347","S028",2022,0,0,0,0
"ST02348","S028",2022,1,0,0,0
"ST02349","S028",2022,1,1,1,0
"ST02350","S028",2022,1,1,0,0
"ST02351","S028",2022,1,1,0,0
"ST02352","S028",2022,1,0,0,0
"ST02353","S028",2022,1,0,1,0
"ST02354","S028",2022,1,0,0,0
"ST02355","S028",2022,0,0,0,0
"ST02356","S028",2022,0,0,0,0
"ST02357","S028",2022,1,1,0,0
"ST02358","S028",2023,0,0,0,1
"ST02359","S028",2023,1,1,1,0
"ST02360","S028",2023,1,1,1,0
"ST02361","S028",2023,0,1,0,1
"ST02362","S028",2023,0,1,0,0
"ST02363","S028",2023,1,1,0,0
"ST02364","S028",2023,1,0,0,0
"ST02365","S028",2023,1,1,1,0
"ST02366","S028",2023,0,0,0,0
"ST02367","S028",2023,1,1,0,0
"ST02368","S028",2023,1,1,0,0
"ST02369","S028",2023,1,0,0,0
"ST02370","S028",2023,1,1,1,0
"ST02371","S028",2023,0,1,0,0
"ST02372","S028",2023,0,0,1,0
"ST02373","S028",2023,0,0,0,0
"ST02374","S028",2023,0,0,0,0
"ST02375","S028",2023,0,0,0,0
"ST02376","S028",2023,0,0,0,0
"ST02377","S028",2023,1,1,0,0
"ST02378","S028",2023,1,0,0,0
"ST02379","S028",2023,0,0,1,0
"ST02380","S028",2023,0,1,0,0
"ST02381","S028",2024,1,1,0,0
"ST02382","S028",2024,0,1,0,1
"ST02383","S028",2024,0,1,1,0
"ST02384","S028",2024,1,1,1,1
"ST02385","S028",2024,1,1,1,0
"ST02386","S028",2024,1,1,1,0
"ST02387","S028",2024,1,1,1,0
"ST02388","S028",2024,1,0,1,0
"ST02389","S028",2024,1,1,0,0
"ST02390","S028",2024,1,1,0,0
"ST02391","S028",2024,1,0,0,0
"ST02392","S028",2024,1,0,0,0
"ST02393","S028",2024,1,1,0,0
"ST02394","S028",2024,1,1,1,0
"ST02395","S028",2024,1,0,0,0
"ST02396","S028",2024,0,0,0,0
"ST02397","S028",2024,0,0,0,0
"ST02398","S028",2024,1,1,1,0
"ST02399","S028",2024,0,0,0,0
"ST02400","S028",2024,1,1,0,0
"ST02401","S028",2024,1,1,0,0
"ST02402","S028",2024,1,1,1,0
"ST02403","S028",2024,0,1,0,0
"ST02404","S028",2024,1,1,0,0
"ST02405","S028",2024,0,0,0,0
"ST02406","S028",2024,0,0,1,0
"ST02407","S028",2025,1,0,1,0
"ST02408","S028",2025,1,0,0,0
"ST02409","S028",2025,1,1,1,0
"ST02410","S028",2025,1,1,0,0
"ST02411","S028",2025,1,0,0,0
"ST02412","S028",2025,1,0,0,0
"ST02413","S028",2025,1,0,0,0
"ST02414","S028",2025,1,0,1,0
"ST02415","S028",2025,1,1,0,0
"ST02416","S028",2025,1,1,0,0
"ST02417","S028",2025,0,0,0,0
"ST02418","S028",2025,1,1,1,0
"ST02419","S028",2025,1,1,1,0
"ST02420","S028",2025,0,0,0,0
"ST02421","S028",2025,1,0,0,0
"ST02422","S028",2025,1,1,1,0
"ST02423","S028",2025,1,0,0,0
"ST02424","S028",2025,0,1,0,0
"ST02425","S028",2025,1,0,0,0
"ST02426","S029",2021,0,1,0,0
"ST02427","S029",2021,0,0,0,0
"ST02428","S029",2021,0,0,1,0
"ST02429","S029",2021,0,1,1,0
"ST02430","S029",2021,0,1,0,0
"ST02431","S029",2021,1,1,0,0
"ST02432","S029",2021,1,1,0,0
"ST02433","S029",2021,1,0,0,0
"ST02434","S029",2021,1,1,1,0
"ST02435","S029",2021,0,0,0,0
"ST02436","S029",2021,1,0,0,0
"ST02437","S029",2021,0,0,0,0
"ST02438","S029",2021,1,0,0,0
"ST02439","S029",2021,0,0,0,0
"ST02440","S029",2021,0,0,1,0
"ST02441","S029",2021,1,1,0,0
"ST02442","S029",2021,0,1,0,0
"ST02443","S029",2021,0,1,1,0
"ST02444","S029",2021,1,1,1,0
"ST02445","S029",2021,0,0,0,0
"ST02446","S029",2021,0,0,0,0
"ST02447","S029",2021,0,1,0,0
"ST02448","S029",2021,0,0,0,0
"ST02449","S029",2021,0,1,0,0
"ST02450","S029",2021,1,1,0,0
"ST02451","S029",2021,1,1,1,0
"ST02452","S029",2021,1,1,1,0
"ST02453","S029",2021,0,0,1,0
"ST02454","S029",2021,1,0,0,0
"ST02455","S029",2021,0,1,0,0
"ST02456","S029",2021,0,1,1,0
"ST02457","S029",2021,0,0,1,0
"ST02458","S029",2021,1,1,0,0
"ST02459","S029",2022,1,0,1,0
"ST02460","S029",2022,1,1,1,0
"ST02461","S029",2022,0,0,0,0
"ST02462","S029",2022,0,0,0,0
"ST02463","S029",2022,1,1,1,0
"ST02464","S029",2022,1,1,0,0
"ST02465","S029",2022,0,0,0,0
"ST02466","S029",2022,1,1,1,0
"ST02467","S029",2022,0,1,0,0
"ST02468","S029",2022,0,1,0,0
"ST02469","S029",2022,0,0,0,0
"ST02470","S029",2022,0,1,0,0
"ST02471","S029",2022,0,0,0,0
"ST02472","S029",2022,1,1,1,0
"ST02473","S029",2022,0,0,0,0
"ST02474","S029",2022,1,1,1,0
"ST02475","S029",2022,0,0,1,0
"ST02476","S029",2022,0,1,1,0
"ST02477","S029",2022,1,0,0,0
"ST02478","S029",2022,0,1,1,0
"ST02479","S029",2022,1,0,0,0
"ST02480","S029",2022,0,0,0,0
"ST02481","S029",2022,0,0,0,0
"ST02482","S029",2022,0,1,1,0
"ST02483","S029",2022,1,0,1,0
"ST02484","S029",2023,1,1,0,0
"ST02485","S029",2023,1,1,0,0
"ST02486","S029",2023,0,1,0,0
"ST02487","S029",2023,0,0,0,0
"ST02488","S029",2023,0,0,0,0
"ST02489","S029",2023,1,1,0,0
"ST02490","S029",2023,1,1,1,0
"ST02491","S029",2023,1,1,0,0
"ST02492","S029",2023,1,1,1,0
"ST02493","S029",2023,0,1,0,0
"ST02494","S029",2023,0,0,0,0
"ST02495","S029",2023,1,1,1,0
"ST02496","S029",2023,0,1,0,0
"ST02497","S029",2023,0,1,0,0
"ST02498","S029",2023,0,1,0,0
"ST02499","S029",2023,0,0,1,0
"ST02500","S029",2023,0,0,0,0
"ST02501","S029",2023,0,1,1,0
"ST02502","S029",2023,0,0,0,0
"ST02503","S029",2023,0,1,0,0
"ST02504","S029",2023,1,1,1,0
"ST02505","S029",2023,1,0,0,0
"ST02506","S029",2023,0,0,1,0
"ST02507","S029",2023,0,0,0,0
"ST02508","S029",2023,0,1,1,0
"ST02509","S029",2023,0,0,0,0
"ST02510","S029",2024,1,0,1,0
"ST02511","S029",2024,0,0,1,0
"ST02512","S029",2024,1,0,0,0
"ST02513","S029",2024,0,1,0,0
"ST02514","S029",2024,0,0,0,0
"ST02515","S029",2024,0,1,1,0
"ST02516","S029",2024,0,0,1,0
"ST02517","S029",2024,0,0,0,0
"ST02518","S029",2024,1,1,1,0
"ST02519","S029",2024,0,0,0,0
"ST02520","S029",2024,1,0,1,0
"ST02521","S029",2024,0,0,0,0
"ST02522","S029",2024,1,1,1,0
"ST02523","S029",2024,1,1,0,0
"ST02524","S029",2024,0,1,1,0
"ST02525","S029",2024,1,1,1,0
"ST02526","S029",2024,0,0,0,0
"ST02527","S029",2024,0,0,0,0
"ST02528","S029",2024,0,0,1,0
"ST02529","S029",2024,0,0,0,0
"ST02530","S029",2024,0,1,0,0
"ST02531","S029",2024,1,1,1,0
"ST02532","S029",2024,1,1,1,0
"ST02533","S029",2024,1,0,1,0
"ST02534","S029",2024,1,0,1,0
"ST02535","S029",2024,1,1,1,0
"ST02536","S029",2024,0,1,1,0
"ST02537","S029",2024,1,0,0,0
"ST02538","S029",2024,1,1,0,0
"ST02539","S029",2025,0,1,0,0
"ST02540","S029",2025,0,1,1,0
"ST02541","S029",2025,0,0,0,0
"ST02542","S029",2025,1,1,1,0
"ST02543","S029",2025,1,1,0,0
"ST02544","S029",2025,1,1,0,0
"ST02545","S029",2025,0,1,1,0
"ST02546","S029",2025,1,1,0,0
"ST02547","S029",2025,1,1,1,0
"ST02548","S029",2025,0,0,0,0
"ST02549","S029",2025,0,0,1,0
"ST02550","S029",2025,0,0,0,0
"ST02551","S029",2025,0,1,0,0
"ST02552","S029",2025,1,1,1,0
"ST02553","S029",2025,1,1,1,0
"ST02554","S029",2025,0,0,0,0
"ST02555","S029",2025,0,0,0,0
"ST02556","S029",2025,1,1,0,0
"ST02557","S029",2025,1,0,1,0
"ST02558","S029",2025,0,0,0,0
"ST02559","S029",2025,0,1,1,0
"ST02560","S029",2025,1,1,1,0
"ST02561","S029",2025,0,0,0,0
"ST02562","S029",2025,0,0,0,0
"ST02563","S029",2025,1,1,0,0
"ST02564","S029",2025,1,1,0,0
"ST02565","S029",2025,0,0,1,0
"ST02566","S029",2025,1,1,0,0
"ST02567","S029",2025,1,0,0,0
"ST02568","S030",2021,0,0,0,0
"ST02569","S030",2021,0,0,0,0
"ST02570","S030",2021,0,0,0,0
"ST02571","S030",2021,0,0,0,0
"ST02572","S030",2021,1,1,0,0
"ST02573","S030",2021,1,0,1,0
"ST02574","S030",2021,0,0,0,0
"ST02575","S030",2021,0,0,0,0
"ST02576","S030",2021,0,0,0,0
"ST02577","S030",2021,0,0,0,0
"ST02578","S030",2021,1,0,0,0
"ST02579","S030",2021,0,0,0,0
"ST02580","S030",2021,0,0,0,0
"ST02581","S030",2021,0,0,0,0
"ST02582","S030",2021,1,0,0,0
"ST02583","S030",2021,1,0,0,0
"ST02584","S030",2021,0,1,0,0
"ST02585","S030",2021,0,0,0,0
"ST02586","S030",2021,1,0,1,0
"ST02587","S030",2021,0,0,0,0
"ST02588","S030",2021,0,0,0,0
"ST02589","S030",2021,1,0,0,0
"ST02590","S030",2021,0,0,0,0
"ST02591","S030",2021,0,0,0,0
"ST02592","S030",2021,1,0,1,0
"ST02593","S030",2021,0,0,0,0
"ST02594","S030",2021,1,0,0,0
"ST02595","S030",2021,0,0,0,0
"ST02596","S030",2021,0,0,0,0
"ST02597","S030",2021,0,1,1,1
"ST02598","S030",2021,0,0,0,0
"ST02599","S030",2021,0,0,0,0
"ST02600","S030",2021,0,0,0,0
"ST02601","S030",2021,0,0,0,0
"ST02602","S030",2021,0,0,0,0
"ST02603","S030",2021,0,0,0,0
"ST02604","S030",2021,0,0,0,0
"ST02605","S030",2021,0,0,1,0
"ST02606","S030",2021,0,0,0,0
"ST02607","S030",2021,0,0,0,0
"ST02608","S030",2021,0,0,0,0
"ST02609","S030",2021,0,0,0,0
"ST02610","S030",2021,0,0,0,0
"ST02611","S030",2021,1,0,0,0
"ST02612","S030",2021,1,0,1,0
"ST02613","S030",2021,0,0,0,0
"ST02614","S030",2021,0,0,0,0
"ST02615","S030",2021,1,0,0,0
"ST02616","S030",2021,0,0,1,0
"ST02617","S030",2021,0,0,0,0
"ST02618","S030",2022,1,1,0,0
"ST02619","S030",2022,0,0,0,0
"ST02620","S030",2022,0,0,0,0
"ST02621","S030",2022,0,0,0,0
"ST02622","S030",2022,1,0,0,0
"ST02623","S030",2022,0,0,0,0
"ST02624","S030",2022,1,0,1,0
"ST02625","S030",2022,0,0,0,0
"ST02626","S030",2022,0,0,0,0
"ST02627","S030",2022,1,0,0,0
"ST02628","S030",2022,1,0,0,0
"ST02629","S030",2022,0,0,0,0
"ST02630","S030",2022,0,0,0,0
"ST02631","S030",2022,0,0,0,0
"ST02632","S030",2022,1,0,0,0
"ST02633","S030",2022,0,0,0,0
"ST02634","S030",2022,0,0,0,0
"ST02635","S030",2022,1,0,0,0
"ST02636","S030",2022,1,0,1,0
"ST02637","S030",2022,1,0,0,0
"ST02638","S030",2022,1,0,1,0
"ST02639","S030",2022,1,0,0,0
"ST02640","S030",2022,0,0,0,0
"ST02641","S030",2022,0,0,0,0
"ST02642","S030",2022,0,0,0,0
"ST02643","S030",2022,0,0,0,0
"ST02644","S030",2022,0,0,0,0
"ST02645","S030",2022,0,0,1,0
"ST02646","S030",2022,1,0,0,0
"ST02647","S030",2022,0,0,0,1
"ST02648","S030",2022,1,0,0,0
"ST02649","S030",2022,0,0,0,0
"ST02650","S030",2022,1,0,0,0
"ST02651","S030",2022,0,0,1,0
"ST02652","S030",2022,0,0,0,0
"ST02653","S030",2022,1,0,0,0
"ST02654","S030",2022,1,0,0,0
"ST02655","S030",2022,0,0,0,0
"ST02656","S030",2022,1,0,0,0
"ST02657","S030",2022,0,0,0,0
"ST02658","S030",2022,0,0,0,0
"ST02659","S030",2022,0,0,0,0
"ST02660","S030",2022,0,0,0,0
"ST02661","S030",2022,0,0,0,0
"ST02662","S030",2022,1,0,0,0
"ST02663","S030",2022,0,0,0,0
"ST02664","S030",2023,0,1,0,0
"ST02665","S030",2023,1,0,1,0
"ST02666","S030",2023,0,0,0,0
"ST02667","S030",2023,0,0,0,0
"ST02668","S030",2023,1,0,0,0
"ST02669","S030",2023,0,0,0,0
"ST02670","S030",2023,1,0,1,0
"ST02671","S030",2023,1,1,0,1
"ST02672","S030",2023,0,0,0,0
"ST02673","S030",2023,1,0,0,0
"ST02674","S030",2023,0,0,0,0
"ST02675","S030",2023,1,0,0,0
"ST02676","S030",2023,0,0,0,0
"ST02677","S030",2023,0,1,0,0
"ST02678","S030",2023,0,0,1,0
"ST02679","S030",2023,0,0,0,0
"ST02680","S030",2023,0,0,0,0
"ST02681","S030",2023,0,0,0,0
"ST02682","S030",2023,0,0,0,0
"ST02683","S030",2023,0,0,1,0
"ST02684","S030",2023,0,0,0,0
"ST02685","S030",2023,0,0,0,0
"ST02686","S030",2023,0,0,0,0
"ST02687","S030",2023,0,0,0,0
"ST02688","S030",2023,0,0,0,0
"ST02689","S030",2023,0,0,0,0
"ST02690","S030",2023,0,0,0,0
"ST02691","S030",2023,1,0,1,0
"ST02692","S030",2023,1,0,1,0
"ST02693","S030",2023,1,0,1,0
"ST02694","S030",2024,1,0,0,0
"ST02695","S030",2024,0,0,0,0
"ST02696","S030",2024,0,0,1,0
"ST02697","S030",2024,1,0,0,0
"ST02698","S030",2024,0,0,0,0
"ST02699","S030",2024,0,0,0,0
"ST02700","S030",2024,0,0,0,0
"ST02701","S030",2024,0,0,0,0
"ST02702","S030",2024,1,0,0,0
"ST02703","S030",2024,0,0,0,0
"ST02704","S030",2024,0,0,0,0
"ST02705","S030",2024,1,0,0,0
"ST02706","S030",2024,1,0,0,0
"ST02707","S030",2024,0,0,0,0
"ST02708","S030",2024,0,0,0,0
"ST02709","S030",2024,0,0,0,0
"ST02710","S030",2024,1,0,1,0
"ST02711","S030",2024,0,0,0,0
"ST02712","S030",2024,0,0,0,0
"ST02713","S030",2024,1,1,1,0
"ST02714","S030",2024,1,0,0,0
"ST02715","S030",2024,1,1,0,1
"ST02716","S030",2024,0,0,0,0
"ST02717","S030",2024,0,0,0,0
"ST02718","S030",2024,0,0,0,0
"ST02719","S030",2024,0,0,0,0
"ST02720","S030",2024,0,0,0,0
"ST02721","S030",2024,0,0,0,0
"ST02722","S030",2024,1,0,0,0
"ST02723","S030",2024,0,0,0,0
"ST02724","S030",2024,0,0,0,0
"ST02725","S030",2024,0,0,1,0
"ST02726","S030",2024,0,0,0,0
"ST02727","S030",2024,0,0,0,0
"ST02728","S030",2024,0,0,0,0
"ST02729","S030",2025,1,0,0,0
"ST02730","S030",2025,1,0,0,0
"ST02731","S030",2025,1,0,0,0
"ST02732","S030",2025,1,0,0,0
"ST02733","S030",2025,0,0,0,0
"ST02734","S030",2025,1,0,0,0
"ST02735","S030",2025,1,0,1,0
"ST02736","S030",2025,0,0,0,0
"ST02737","S030",2025,1,0,0,0
"ST02738","S030",2025,1,0,0,0
"ST02739","S030",2025,1,1,0,0
"ST02740","S030",2025,0,0,0,0
"ST02741","S030",2025,0,0,0,0
"ST02742","S030",2025,0,0,0,0
"ST02743","S030",2025,0,0,1,0
"ST02744","S030",2025,1,0,0,0
"ST02745","S030",2025,0,0,1,0
"ST02746","S030",2025,0,0,0,0
"ST02747","S030",2025,0,0,0,0
"ST02748","S030",2025,0,0,0,0
"ST02749","S030",2025,0,0,0,0
"ST02750","S030",2025,0,0,0,0
"ST02751","S030",2025,0,0,1,0
"ST02752","S030",2025,0,0,0,0
"ST02753","S030",2025,0,0,0,0
"ST02754","S030",2025,0,0,0,0
"ST02755","S030",2025,0,0,0,0
"ST02756","S030",2025,0,1,1,0
"ST02757","S030",2025,1,1,0,0
"ST02758","S030",2025,0,0,0,1
"ST02759","S030",2025,1,0,0,0
"ST02760","S030",2025,1,0,0,0
"ST02761","S030",2025,1,0,0,0
"ST02762","S030",2025,0,0,0,0
"ST02763","S030",2025,0,0,0,0
"ST02764","S030",2025,0,0,1,0
"ST02765","S030",2025,1,1,0,0
"ST02766","S030",2025,0,0,0,0
"ST02767","S030",2025,0,0,0,0
"ST02768","S031",2021,1,0,0,0
"ST02769","S031",2021,0,0,0,0
"ST02770","S031",2021,1,0,1,0
"ST02771","S031",2021,0,1,0,0
"ST02772","S031",2021,0,0,0,0
"ST02773","S031",2021,1,0,1,0
"ST02774","S031",2021,1,0,1,0
"ST02775","S031",2021,1,0,0,0
"ST02776","S031",2021,0,0,0,0
"ST02777","S031",2021,1,0,0,0
"ST02778","S031",2022,0,0,0,0
"ST02779","S031",2022,1,0,0,0
"ST02780","S031",2022,0,0,0,0
"ST02781","S031",2022,0,0,0,0
"ST02782","S031",2022,1,0,0,0
"ST02783","S031",2022,0,0,0,0
"ST02784","S031",2022,0,0,0,0
"ST02785","S031",2022,1,0,0,0
"ST02786","S031",2022,0,0,0,0
"ST02787","S031",2022,1,1,1,0
"ST02788","S031",2023,1,0,0,0
"ST02789","S031",2023,0,1,0,0
"ST02790","S031",2023,0,0,0,0
"ST02791","S031",2023,0,0,0,0
"ST02792","S031",2023,1,0,0,0
"ST02793","S031",2023,0,0,0,0
"ST02794","S031",2023,0,0,0,0
"ST02795","S031",2023,0,0,0,0
"ST02796","S031",2023,1,0,0,0
"ST02797","S031",2023,1,0,0,0
"ST02798","S031",2023,0,0,0,0
"ST02799","S031",2024,0,0,0,0
"ST02800","S031",2024,1,1,0,0
"ST02801","S031",2024,1,0,0,0
"ST02802","S031",2024,1,0,0,1
"ST02803","S031",2024,0,0,0,0
"ST02804","S031",2024,0,0,0,0
"ST02805","S031",2024,0,0,0,0
"ST02806","S031",2024,0,0,0,0
"ST02807","S031",2024,1,0,0,0
"ST02808","S031",2024,1,0,0,0
"ST02809","S031",2024,1,0,0,0
"ST02810","S031",2024,1,0,0,0
"ST02811","S031",2025,0,0,0,0
"ST02812","S031",2025,0,0,0,0
"ST02813","S031",2025,0,0,0,0
"ST02814","S031",2025,0,1,1,0
"ST02815","S031",2025,1,0,0,0
"ST02816","S031",2025,0,0,0,0
"ST02817","S031",2025,0,0,1,0
"ST02818","S031",2025,0,0,0,0
"ST02819","S032",2021,0,0,0,0
"ST02820","S032",2021,0,0,0,0
"ST02821","S032",2021,0,0,0,0
"ST02822","S032",2021,0,1,0,0
"ST02823","S032",2021,0,0,0,0
"ST02824","S032",2021,0,0,0,0
"ST02825","S032",2021,0,1,0,0
"ST02826","S032",2021,0,0,0,0
"ST02827","S032",2021,0,0,0,0
"ST02828","S032",2021,0,0,0,0
"ST02829","S032",2021,1,0,1,0
"ST02830","S032",2021,0,0,0,0
"ST02831","S032",2021,0,0,0,0
"ST02832","S032",2021,1,0,0,0
"ST02833","S032",2021,1,0,0,0
"ST02834","S032",2021,0,1,1,0
"ST02835","S032",2021,0,1,0,0
"ST02836","S032",2021,1,1,0,0
"ST02837","S032",2021,1,0,0,0
"ST02838","S032",2022,0,0,0,0
"ST02839","S032",2022,0,0,0,0
"ST02840","S032",2022,0,0,0,0
"ST02841","S032",2022,1,1,0,0
"ST02842","S032",2022,1,0,0,0
"ST02843","S032",2022,0,0,0,0
"ST02844","S032",2022,1,0,0,0
"ST02845","S032",2022,0,0,0,0
"ST02846","S032",2022,0,0,0,0
"ST02847","S032",2022,1,1,1,0
"ST02848","S032",2022,0,0,0,0
"ST02849","S032",2022,0,0,0,0
"ST02850","S032",2022,0,0,0,0
"ST02851","S032",2022,0,0,0,0
"ST02852","S032",2022,1,1,1,0
"ST02853","S032",2022,0,0,0,0
"ST02854","S032",2022,1,0,0,0
"ST02855","S032",2022,1,0,0,0
"ST02856","S032",2022,0,0,0,0
"ST02857","S032",2022,1,0,0,0
"ST02858","S032",2022,0,0,0,0
"ST02859","S032",2022,1,0,0,0
"ST02860","S032",2022,0,0,0,0
"ST02861","S032",2022,0,1,0,0
"ST02862","S032",2023,0,0,1,0
"ST02863","S032",2023,0,0,0,0
"ST02864","S032",2023,0,0,0,0
"ST02865","S032",2023,1,1,1,0
"ST02866","S032",2023,0,0,0,0
"ST02867","S032",2023,0,0,0,0
"ST02868","S032",2023,0,1,0,0
"ST02869","S032",2023,1,0,0,0
"ST02870","S032",2023,0,0,0,0
"ST02871","S032",2023,0,1,0,0
"ST02872","S032",2023,0,0,0,0
"ST02873","S032",2023,1,1,0,0
"ST02874","S032",2023,0,0,0,0
"ST02875","S032",2023,1,1,0,0
"ST02876","S032",2023,0,0,0,0
"ST02877","S032",2023,1,0,0,0
"ST02878","S032",2023,0,0,0,0
"ST02879","S032",2023,1,0,0,0
"ST02880","S032",2023,1,1,0,0
"ST02881","S032",2023,0,0,0,0
"ST02882","S032",2023,0,0,0,0
"ST02883","S032",2024,0,0,1,0
"ST02884","S032",2024,1,0,0,0
"ST02885","S032",2024,0,1,1,0
"ST02886","S032",2024,1,0,0,0
"ST02887","S032",2024,1,1,1,0
"ST02888","S032",2024,0,0,0,0
"ST02889","S032",2024,0,0,0,0
"ST02890","S032",2024,0,1,0,1
"ST02891","S032",2024,0,0,0,0
"ST02892","S032",2024,0,1,0,0
"ST02893","S032",2024,0,0,0,0
"ST02894","S032",2024,0,0,0,0
"ST02895","S032",2024,1,0,0,0
"ST02896","S032",2024,0,0,0,0
"ST02897","S032",2024,0,0,0,0
"ST02898","S032",2024,0,0,1,0
"ST02899","S032",2024,0,0,1,0
"ST02900","S032",2024,0,0,0,0
"ST02901","S032",2024,1,1,1,1
"ST02902","S032",2024,1,0,0,0
"ST02903","S032",2024,1,0,1,0
"ST02904","S032",2024,0,0,0,0
"ST02905","S032",2025,0,1,0,0
"ST02906","S032",2025,0,0,0,0
"ST02907","S032",2025,0,0,0,0
"ST02908","S032",2025,0,1,0,0
"ST02909","S032",2025,0,0,0,0
"ST02910","S032",2025,0,0,0,0
"ST02911","S032",2025,0,1,0,0
"ST02912","S032",2025,0,0,0,0
"ST02913","S032",2025,0,0,0,0
"ST02914","S032",2025,1,1,1,0
"ST02915","S032",2025,0,0,0,0
"ST02916","S032",2025,0,0,0,0
"ST02917","S032",2025,0,0,0,0
"ST02918","S032",2025,0,0,0,0
"ST02919","S032",2025,1,1,0,0
"ST02920","S032",2025,0,0,0,0
"ST02921","S032",2025,1,1,1,0
"ST02922","S032",2025,0,0,0,0
"ST02923","S032",2025,0,1,1,0
"ST02924","S032",2025,0,0,0,0
"ST02925","S032",2025,0,0,0,0
"ST02926","S032",2025,0,1,1,0
"ST02927","S032",2025,1,0,0,0
"ST02928","S032",2025,1,1,0,0
"ST02929","S032",2025,1,1,0,0
"ST02930","S033",2021,1,0,1,0
"ST02931","S033",2021,0,1,1,0
"ST02932","S033",2021,0,1,1,0
"ST02933","S033",2021,0,0,0,0
"ST02934","S033",2021,0,0,0,0
"ST02935","S033",2021,0,1,1,0
"ST02936","S033",2021,1,0,0,0
"ST02937","S033",2021,1,0,1,0
"ST02938","S033",2021,1,0,0,0
"ST02939","S033",2021,0,0,0,0
"ST02940","S033",2021,1,1,0,0
"ST02941","S033",2021,1,1,0,0
"ST02942","S033",2021,0,1,1,0
"ST02943","S033",2021,0,0,1,0
"ST02944","S033",2021,1,0,0,0
"ST02945","S033",2021,1,0,1,0
"ST02946","S033",2021,1,0,0,0
"ST02947","S033",2021,1,0,0,0
"ST02948","S033",2021,0,0,0,0
"ST02949","S033",2021,1,0,0,0
"ST02950","S033",2021,1,1,1,0
"ST02951","S033",2022,0,0,1,0
"ST02952","S033",2022,1,0,1,0
"ST02953","S033",2022,1,1,1,0
"ST02954","S033",2022,1,1,1,0
"ST02955","S033",2022,1,0,0,0
"ST02956","S033",2022,1,1,0,0
"ST02957","S033",2022,1,0,0,0
"ST02958","S033",2022,1,1,1,0
"ST02959","S033",2022,1,0,0,0
"ST02960","S033",2022,1,1,0,0
"ST02961","S033",2022,1,0,0,0
"ST02962","S033",2022,1,0,0,0
"ST02963","S033",2022,1,1,1,1
"ST02964","S033",2022,1,1,0,0
"ST02965","S033",2022,1,1,1,0
"ST02966","S033",2022,0,1,0,0
"ST02967","S033",2022,1,1,0,1
"ST02968","S033",2022,1,0,1,0
"ST02969","S033",2022,1,0,1,1
"ST02970","S033",2022,0,0,0,0
"ST02971","S033",2022,1,0,0,0
"ST02972","S033",2022,1,0,0,0
"ST02973","S033",2022,1,0,1,0
"ST02974","S033",2022,0,0,1,0
"ST02975","S033",2022,1,0,0,0
"ST02976","S033",2022,1,0,0,0
"ST02977","S033",2022,0,1,1,0
"ST02978","S033",2022,1,0,1,0
"ST02979","S033",2023,1,0,0,0
"ST02980","S033",2023,1,0,0,0
"ST02981","S033",2023,1,0,0,0
"ST02982","S033",2023,0,0,0,0
"ST02983","S033",2023,1,0,0,0
"ST02984","S033",2023,0,0,1,0
"ST02985","S033",2023,0,0,1,0
"ST02986","S033",2023,0,1,0,0
"ST02987","S033",2023,0,0,0,0
"ST02988","S033",2023,1,0,1,0
"ST02989","S033",2023,1,0,0,0
"ST02990","S033",2023,1,0,0,0
"ST02991","S033",2023,0,0,0,0
"ST02992","S033",2023,0,0,0,0
"ST02993","S033",2023,1,1,0,0
"ST02994","S033",2023,0,0,0,0
"ST02995","S033",2023,1,0,1,0
"ST02996","S033",2023,0,0,0,0
"ST02997","S033",2023,1,0,1,0
"ST02998","S033",2023,1,0,0,0
"ST02999","S033",2023,1,0,1,0
"ST03000","S033",2023,1,1,1,0
"ST03001","S033",2023,1,0,0,0
"ST03002","S033",2023,0,1,0,0
"ST03003","S033",2023,1,0,1,0
"ST03004","S033",2024,0,0,0,0
"ST03005","S033",2024,1,1,1,0
"ST03006","S033",2024,0,1,1,0
"ST03007","S033",2024,1,0,1,0
"ST03008","S033",2024,1,0,0,0
"ST03009","S033",2024,0,0,0,0
"ST03010","S033",2024,1,0,1,0
"ST03011","S033",2024,1,1,1,1
"ST03012","S033",2024,0,0,0,0
"ST03013","S033",2024,1,0,0,0
"ST03014","S033",2024,0,0,1,0
"ST03015","S033",2024,1,0,0,0
"ST03016","S033",2024,1,0,1,0
"ST03017","S033",2024,0,0,0,0
"ST03018","S033",2024,0,0,0,0
"ST03019","S033",2024,0,0,1,0
"ST03020","S033",2024,0,0,0,0
"ST03021","S033",2024,0,0,0,0
"ST03022","S033",2024,0,0,0,0
"ST03023","S033",2024,1,0,0,0
"ST03024","S033",2024,1,0,1,0
"ST03025","S033",2024,1,1,1,0
"ST03026","S033",2024,1,0,1,0
"ST03027","S033",2024,0,0,0,0
"ST03028","S033",2024,1,0,1,0
"ST03029","S033",2024,1,0,0,0
"ST03030","S033",2024,1,0,1,0
"ST03031","S033",2025,1,0,0,0
"ST03032","S033",2025,0,0,0,0
"ST03033","S033",2025,0,0,1,0
"ST03034","S033",2025,0,0,0,0
"ST03035","S033",2025,0,0,0,0
"ST03036","S033",2025,1,0,1,0
"ST03037","S033",2025,0,1,1,0
"ST03038","S033",2025,1,0,1,0
"ST03039","S033",2025,1,0,1,0
"ST03040","S033",2025,0,0,1,0
"ST03041","S033",2025,1,0,1,0
"ST03042","S033",2025,1,0,1,0
"ST03043","S033",2025,0,0,0,0
"ST03044","S033",2025,0,0,1,0
"ST03045","S033",2025,1,1,1,0
"ST03046","S033",2025,1,1,1,0
"ST03047","S033",2025,0,0,0,0
"ST03048","S033",2025,0,0,1,0
"ST03049","S033",2025,0,0,0,0
"ST03050","S033",2025,0,0,1,0
"ST03051","S033",2025,0,1,0,0
"ST03052","S033",2025,0,0,0,0
"ST03053","S033",2025,0,1,1,0
"ST03054","S033",2025,0,0,1,0
"ST03055","S033",2025,0,0,0,0
"ST03056","S033",2025,1,0,0,0
"ST03057","S033",2025,0,0,1,0
"ST03058","S033",2025,1,1,0,0
"ST03059","S033",2025,1,0,0,0
"ST03060","S034",2021,1,1,1,0
"ST03061","S034",2021,1,1,1,0
"ST03062","S034",2021,0,0,0,0
"ST03063","S034",2021,0,1,1,0
"ST03064","S034",2021,1,1,0,0
"ST03065","S034",2021,0,1,1,0
"ST03066","S034",2021,0,1,1,0
"ST03067","S034",2021,0,1,0,0
"ST03068","S034",2021,0,1,0,0
"ST03069","S034",2021,0,1,0,0
"ST03070","S034",2021,1,1,0,0
"ST03071","S034",2021,1,1,0,0
"ST03072","S034",2021,0,1,1,0
"ST03073","S034",2021,0,0,0,0
"ST03074","S034",2021,1,1,0,0
"ST03075","S034",2021,1,0,1,0
"ST03076","S034",2021,1,1,0,0
"ST03077","S034",2021,0,1,0,1
"ST03078","S034",2021,1,1,1,0
"ST03079","S034",2021,1,1,1,0
"ST03080","S034",2021,0,1,0,0
"ST03081","S034",2021,0,1,1,0
"ST03082","S034",2021,1,1,1,0
"ST03083","S034",2021,1,1,0,0
"ST03084","S034",2021,0,1,1,0
"ST03085","S034",2021,0,0,0,0
"ST03086","S034",2021,1,0,0,0
"ST03087","S034",2021,0,0,0,0
"ST03088","S034",2021,1,1,1,0
"ST03089","S034",2022,1,0,0,0
"ST03090","S034",2022,1,1,0,0
"ST03091","S034",2022,0,0,0,0
"ST03092","S034",2022,1,1,0,0
"ST03093","S034",2022,0,1,0,1
"ST03094","S034",2022,1,0,0,0
"ST03095","S034",2022,0,0,0,0
"ST03096","S034",2022,0,1,0,0
"ST03097","S034",2022,1,1,1,0
"ST03098","S034",2022,0,1,0,0
"ST03099","S034",2022,0,1,1,0
"ST03100","S034",2022,1,1,1,0
"ST03101","S034",2022,0,0,0,0
"ST03102","S034",2022,0,1,0,0
"ST03103","S034",2022,1,1,0,0
"ST03104","S034",2022,0,0,0,0
"ST03105","S034",2022,0,0,0,0
"ST03106","S034",2022,1,1,0,0
"ST03107","S034",2022,1,1,1,0
"ST03108","S034",2022,0,0,0,0
"ST03109","S034",2022,0,1,0,0
"ST03110","S034",2022,1,1,1,0
"ST03111","S034",2022,0,0,0,0
"ST03112","S034",2022,1,1,1,0
"ST03113","S034",2022,0,1,0,0
"ST03114","S034",2022,0,1,0,1
"ST03115","S034",2022,1,1,1,0
"ST03116","S034",2022,1,1,1,0
"ST03117","S034",2022,1,1,1,0
"ST03118","S034",2022,0,0,0,0
"ST03119","S034",2023,1,1,1,1
"ST03120","S034",2023,1,1,1,0
"ST03121","S034",2023,1,1,0,0
"ST03122","S034",2023,0,1,0,0
"ST03123","S034",2023,1,1,0,0
"ST03124","S034",2023,1,0,0,0
"ST03125","S034",2023,1,1,0,0
"ST03126","S034",2023,0,0,0,0
"ST03127","S034",2023,1,1,1,0
"ST03128","S034",2023,1,1,1,0
"ST03129","S034",2023,1,1,0,0
"ST03130","S034",2023,1,1,1,0
"ST03131","S034",2023,0,1,1,0
"ST03132","S034",2023,1,1,0,0
"ST03133","S034",2023,0,1,1,0
"ST03134","S034",2023,0,0,0,0
"ST03135","S034",2023,0,1,0,0
"ST03136","S034",2023,1,1,1,0
"ST03137","S034",2023,0,1,0,0
"ST03138","S034",2023,1,1,0,0
"ST03139","S034",2023,1,1,0,0
"ST03140","S034",2023,0,1,0,0
"ST03141","S034",2023,1,1,1,0
"ST03142","S034",2023,0,1,0,1
"ST03143","S034",2023,0,1,0,0
"ST03144","S034",2023,0,1,1,0
"ST03145","S034",2023,0,0,0,0
"ST03146","S034",2023,0,0,0,1
"ST03147","S034",2024,0,0,0,0
"ST03148","S034",2024,0,1,1,0
"ST03149","S034",2024,1,1,0,0
"ST03150","S034",2024,0,1,1,0
"ST03151","S034",2024,0,1,0,0
"ST03152","S034",2024,0,0,0,0
"ST03153","S034",2024,1,1,1,0
"ST03154","S034",2024,1,0,1,0
"ST03155","S034",2024,0,0,1,0
"ST03156","S034",2024,0,1,0,0
"ST03157","S034",2024,1,1,1,0
"ST03158","S034",2024,1,1,0,0
"ST03159","S034",2024,0,1,1,0
"ST03160","S034",2024,1,1,1,0
"ST03161","S034",2024,0,1,1,0
"ST03162","S034",2024,1,1,0,1
"ST03163","S034",2024,1,1,0,0
"ST03164","S034",2024,1,1,1,0
"ST03165","S034",2024,0,1,1,0
"ST03166","S034",2024,0,0,0,0
"ST03167","S034",2024,0,1,0,0
"ST03168","S034",2024,0,0,0,0
"ST03169","S034",2024,0,1,0,1
"ST03170","S034",2024,0,0,0,0
"ST03171","S034",2024,0,1,0,0
"ST03172","S034",2024,1,1,1,0
"ST03173","S034",2024,0,0,1,0
"ST03174","S034",2024,0,1,0,0
"ST03175","S034",2024,0,1,0,0
"ST03176","S034",2024,1,1,0,0
"ST03177","S034",2024,0,0,0,0
"ST03178","S034",2024,0,1,0,0
"ST03179","S034",2024,1,1,1,0
"ST03180","S034",2024,0,0,0,0
"ST03181","S034",2025,1,1,0,0
"ST03182","S034",2025,0,0,0,0
"ST03183","S034",2025,1,1,0,0
"ST03184","S034",2025,0,1,1,0
"ST03185","S034",2025,1,1,0,0
"ST03186","S034",2025,0,0,1,0
"ST03187","S034",2025,1,1,0,0
"ST03188","S034",2025,0,1,1,0
"ST03189","S034",2025,1,1,0,0
"ST03190","S034",2025,1,0,0,0
"ST03191","S034",2025,1,1,0,0
"ST03192","S034",2025,0,0,0,0
"ST03193","S034",2025,1,1,0,0
"ST03194","S034",2025,0,1,1,0
"ST03195","S034",2025,0,0,0,0
"ST03196","S034",2025,1,1,0,0
"ST03197","S034",2025,0,1,0,0
"ST03198","S034",2025,0,1,0,0
"ST03199","S034",2025,0,1,1,1
"ST03200","S034",2025,1,0,0,0
"ST03201","S034",2025,0,0,1,0
"ST03202","S034",2025,1,1,1,0
"ST03203","S034",2025,0,0,0,0
"ST03204","S034",2025,1,1,1,0
"ST03205","S034",2025,1,1,1,0
"ST03206","S034",2025,1,1,1,0
"ST03207","S034",2025,1,1,1,0
"ST03208","S034",2025,1,1,0,0
"ST03209","S035",2021,0,0,1,0
"ST03210","S035",2021,1,1,1,0
"ST03211","S035",2021,1,1,1,0
"ST03212","S035",2021,0,1,0,0
"ST03213","S035",2021,0,0,1,0
"ST03214","S035",2021,1,1,0,0
"ST03215","S035",2021,1,0,0,0
"ST03216","S035",2021,1,1,1,0
"ST03217","S035",2021,0,0,0,0
"ST03218","S035",2021,1,1,1,0
"ST03219","S035",2021,1,1,0,0
"ST03220","S035",2021,0,1,1,0
"ST03221","S035",2021,0,1,0,0
"ST03222","S035",2021,1,1,0,0
"ST03223","S035",2021,0,1,0,0
"ST03224","S035",2021,0,0,1,0
"ST03225","S035",2021,1,1,1,0
"ST03226","S035",2021,0,1,0,0
"ST03227","S035",2021,1,1,1,0
"ST03228","S035",2021,1,1,0,0
"ST03229","S035",2021,0,0,0,0
"ST03230","S035",2021,1,1,1,0
"ST03231","S035",2021,1,1,1,0
"ST03232","S035",2021,1,1,1,0
"ST03233","S035",2021,0,1,1,0
"ST03234","S035",2021,1,0,0,0
"ST03235","S035",2021,1,1,0,0
"ST03236","S035",2021,1,1,1,0
"ST03237","S035",2021,0,1,0,0
"ST03238","S035",2021,1,1,1,0
"ST03239","S035",2021,1,1,0,0
"ST03240","S035",2021,1,1,0,0
"ST03241","S035",2021,0,1,0,0
"ST03242","S035",2022,1,0,0,0
"ST03243","S035",2022,1,0,1,0
"ST03244","S035",2022,1,1,1,0
"ST03245","S035",2022,0,1,0,0
"ST03246","S035",2022,1,1,0,0
"ST03247","S035",2022,1,1,1,0
"ST03248","S035",2022,1,0,0,0
"ST03249","S035",2022,1,1,0,0
"ST03250","S035",2022,0,1,1,1
"ST03251","S035",2022,0,1,1,0
"ST03252","S035",2022,1,1,0,0
"ST03253","S035",2022,1,1,0,0
"ST03254","S035",2022,1,1,0,0
"ST03255","S035",2022,1,1,0,0
"ST03256","S035",2022,0,1,0,0
"ST03257","S035",2022,1,0,0,0
"ST03258","S035",2022,1,0,0,0
"ST03259","S035",2022,1,1,1,0
"ST03260","S035",2022,0,1,1,0
"ST03261","S035",2022,1,1,1,0
"ST03262","S035",2022,1,0,0,0
"ST03263","S035",2022,1,0,0,0
"ST03264","S035",2022,1,1,0,0
"ST03265","S035",2022,1,1,0,0
"ST03266","S035",2022,0,0,0,0
"ST03267","S035",2022,0,1,0,0
"ST03268","S035",2022,0,1,1,0
"ST03269","S035",2022,1,1,0,0
"ST03270","S035",2022,0,0,1,0
"ST03271","S035",2022,1,0,0,0
"ST03272","S035",2023,0,0,1,0
"ST03273","S035",2023,1,1,1,0
"ST03274","S035",2023,0,1,1,0
"ST03275","S035",2023,1,0,0,0
"ST03276","S035",2023,1,1,0,0
"ST03277","S035",2023,1,1,1,0
"ST03278","S035",2023,0,1,1,0
"ST03279","S035",2023,1,1,0,0
"ST03280","S035",2023,1,1,0,0
"ST03281","S035",2023,1,1,0,0
"ST03282","S035",2023,1,1,1,0
"ST03283","S035",2023,0,1,0,0
"ST03284","S035",2023,0,0,1,0
"ST03285","S035",2023,1,1,1,0
"ST03286","S035",2023,0,0,0,0
"ST03287","S035",2023,1,1,0,0
"ST03288","S035",2023,1,1,0,0
"ST03289","S035",2023,0,1,0,0
"ST03290","S035",2023,0,1,0,0
"ST03291","S035",2023,0,1,1,0
"ST03292","S035",2023,1,1,0,0
"ST03293","S035",2023,1,1,1,0
"ST03294","S035",2023,1,1,0,0
"ST03295","S035",2023,0,0,0,0
"ST03296","S035",2023,1,0,1,0
"ST03297","S035",2023,1,1,1,0
"ST03298","S035",2023,1,1,1,0
"ST03299","S035",2024,0,0,0,0
"ST03300","S035",2024,0,1,0,0
"ST03301","S035",2024,0,1,1,0
"ST03302","S035",2024,1,1,0,0
"ST03303","S035",2024,0,0,1,0
"ST03304","S035",2024,0,1,1,0
"ST03305","S035",2024,1,1,0,0
"ST03306","S035",2024,1,0,1,0
"ST03307","S035",2024,0,0,0,0
"ST03308","S035",2024,1,1,1,1
"ST03309","S035",2024,0,0,0,0
"ST03310","S035",2024,0,0,0,0
"ST03311","S035",2024,0,1,0,0
"ST03312","S035",2024,1,1,0,0
"ST03313","S035",2024,0,1,1,0
"ST03314","S035",2024,0,0,1,0
"ST03315","S035",2024,1,1,0,0
"ST03316","S035",2024,1,1,1,0
"ST03317","S035",2024,0,1,0,0
"ST03318","S035",2024,0,0,1,0
"ST03319","S035",2024,1,1,1,0
"ST03320","S035",2024,0,0,0,0
"ST03321","S035",2024,0,1,0,0
"ST03322","S035",2024,0,1,1,0
"ST03323","S035",2024,0,0,0,0
"ST03324","S035",2024,1,1,1,0
"ST03325","S035",2024,1,1,0,0
"ST03326","S035",2024,0,0,0,0
"ST03327","S035",2025,1,1,1,0
"ST03328","S035",2025,1,1,1,0
"ST03329","S035",2025,1,1,0,0
"ST03330","S035",2025,1,1,1,0
"ST03331","S035",2025,1,1,1,0
"ST03332","S035",2025,1,1,0,0
"ST03333","S035",2025,1,1,1,0
"ST03334","S035",2025,1,1,0,0
"ST03335","S035",2025,1,1,0,0
"ST03336","S035",2025,0,0,0,0
"ST03337","S035",2025,0,1,0,0
"ST03338","S035",2025,0,0,0,0
"ST03339","S035",2025,0,0,0,0
"ST03340","S035",2025,0,0,0,0
"ST03341","S035",2025,1,1,1,0
"ST03342","S035",2025,1,1,1,0
"ST03343","S035",2025,1,1,1,0
"ST03344","S035",2025,1,1,1,0
"ST03345","S035",2025,1,1,0,0
"ST03346","S035",2025,1,1,0,0
"ST03347","S035",2025,0,0,1,0
"ST03348","S035",2025,1,1,0,0
"ST03349","S035",2025,1,1,0,0
"ST03350","S035",2025,1,1,1,0
"ST03351","S035",2025,0,0,0,0
"ST03352","S035",2025,1,1,1,0
"ST03353","S035",2025,1,0,0,0
"ST03354","S035",2025,1,1,0,0
"ST03355","S035",2025,0,0,0,0
"ST03356","S035",2025,1,1,0,0
"ST03357","S035",2025,1,1,1,0
"ST03358","S035",2025,0,0,1,0
"ST03359","S035",2025,1,1,0,0
"ST03360","S035",2025,1,1,1,0
"ST03361","S035",2025,1,0,0,0
"ST03362","S035",2025,1,1,1,0
"ST03363","S035",2025,1,1,0,0
"ST03364","S035",2025,1,1,0,0
"ST03365","S036",2021,0,0,0,0
"ST03366","S036",2021,1,0,1,0
"ST03367","S036",2021,1,0,0,0
"ST03368","S036",2021,1,0,0,0
"ST03369","S036",2021,0,0,0,0
"ST03370","S036",2021,1,1,0,0
"ST03371","S036",2021,0,0,0,0
"ST03372","S036",2021,0,0,0,0
"ST03373","S036",2021,0,0,0,0
"ST03374","S036",2021,0,0,0,0
"ST03375","S036",2021,0,0,1,0
"ST03376","S036",2021,1,1,1,0
"ST03377","S036",2021,1,0,0,0
"ST03378","S036",2021,1,0,0,0
"ST03379","S036",2021,1,0,0,0
"ST03380","S036",2021,1,1,0,0
"ST03381","S036",2021,0,0,0,0
"ST03382","S036",2021,0,0,0,0
"ST03383","S036",2021,1,0,0,0
"ST03384","S036",2021,0,0,0,0
"ST03385","S036",2021,0,0,0,0
"ST03386","S036",2021,0,0,0,0
"ST03387","S036",2021,0,0,1,0
"ST03388","S036",2021,0,0,1,0
"ST03389","S036",2021,0,0,0,0
"ST03390","S036",2021,0,0,1,0
"ST03391","S036",2021,0,0,0,0
"ST03392","S036",2021,0,0,0,0
"ST03393","S036",2021,1,1,0,1
"ST03394","S036",2021,1,0,0,0
"ST03395","S036",2021,1,0,0,0
"ST03396","S036",2021,0,0,0,0
"ST03397","S036",2021,0,0,0,0
"ST03398","S036",2021,1,0,0,0
"ST03399","S036",2021,0,0,0,0
"ST03400","S036",2021,0,0,0,0
"ST03401","S036",2022,0,0,1,0
"ST03402","S036",2022,0,0,0,0
"ST03403","S036",2022,1,0,0,0
"ST03404","S036",2022,0,0,0,0
"ST03405","S036",2022,0,0,0,0
"ST03406","S036",2022,0,0,0,0
"ST03407","S036",2022,0,0,0,0
"ST03408","S036",2022,1,0,0,0
"ST03409","S036",2022,0,0,0,0
"ST03410","S036",2022,1,0,0,0
"ST03411","S036",2022,1,1,1,0
"ST03412","S036",2022,1,0,1,0
"ST03413","S036",2022,0,1,1,0
"ST03414","S036",2022,0,0,0,0
"ST03415","S036",2022,1,0,0,0
"ST03416","S036",2022,1,0,0,0
"ST03417","S036",2022,0,0,0,0
"ST03418","S036",2022,1,0,0,0
"ST03419","S036",2022,0,0,0,0
"ST03420","S036",2022,0,0,0,0
"ST03421","S036",2022,1,0,0,0
"ST03422","S036",2022,0,0,0,0
"ST03423","S036",2022,0,0,0,0
"ST03424","S036",2022,1,0,0,0
"ST03425","S036",2022,1,0,0,0
"ST03426","S036",2022,1,0,0,0
"ST03427","S036",2022,0,0,0,0
"ST03428","S036",2022,0,0,0,0
"ST03429","S036",2022,0,0,0,0
"ST03430","S036",2022,0,0,0,0
"ST03431","S036",2022,0,0,0,0
"ST03432","S036",2023,1,0,0,0
"ST03433","S036",2023,1,0,0,0
"ST03434","S036",2023,1,0,0,0
"ST03435","S036",2023,1,0,0,0
"ST03436","S036",2023,1,0,0,0
"ST03437","S036",2023,0,0,0,0
"ST03438","S036",2023,0,0,0,0
"ST03439","S036",2023,0,0,0,0
"ST03440","S036",2023,0,0,0,0
"ST03441","S036",2023,0,0,0,0
"ST03442","S036",2023,0,0,0,0
"ST03443","S036",2023,1,0,0,0
"ST03444","S036",2023,1,0,0,0
"ST03445","S036",2023,1,1,0,0
"ST03446","S036",2023,1,0,0,0
"ST03447","S036",2023,0,0,0,0
"ST03448","S036",2023,1,1,1,0
"ST03449","S036",2023,0,1,0,0
"ST03450","S036",2023,0,0,0,0
"ST03451","S036",2023,1,0,1,0
"ST03452","S036",2023,0,0,0,0
"ST03453","S036",2023,0,0,0,0
"ST03454","S036",2023,1,0,1,0
"ST03455","S036",2023,1,1,1,0
"ST03456","S036",2023,1,0,0,0
"ST03457","S036",2023,0,0,0,0
"ST03458","S036",2023,1,0,0,0
"ST03459","S036",2023,0,0,0,0
"ST03460","S036",2024,1,0,0,0
"ST03461","S036",2024,1,1,0,0
"ST03462","S036",2024,1,1,0,0
"ST03463","S036",2024,0,0,0,0
"ST03464","S036",2024,1,0,1,0
"ST03465","S036",2024,1,1,0,0
"ST03466","S036",2024,0,0,0,0
"ST03467","S036",2024,1,0,0,0
"ST03468","S036",2024,0,0,0,0
"ST03469","S036",2024,1,1,0,0
"ST03470","S036",2024,1,0,1,0
"ST03471","S036",2024,1,0,0,0
"ST03472","S036",2024,0,1,0,0
"ST03473","S036",2024,0,0,0,0
"ST03474","S036",2024,0,0,0,0
"ST03475","S036",2024,0,0,0,0
"ST03476","S036",2024,0,0,0,0
"ST03477","S036",2024,1,0,0,0
"ST03478","S036",2024,0,1,0,0
"ST03479","S036",2024,0,0,0,0
"ST03480","S036",2024,0,0,0,0
"ST03481","S036",2024,0,0,0,0
"ST03482","S036",2024,1,0,0,0
"ST03483","S036",2024,0,0,0,0
"ST03484","S036",2025,0,0,0,0
"ST03485","S036",2025,0,1,1,0
"ST03486","S036",2025,0,0,0,0
"ST03487","S036",2025,0,0,0,0
"ST03488","S036",2025,1,0,1,0
"ST03489","S036",2025,0,0,0,0
"ST03490","S036",2025,0,0,0,0
"ST03491","S036",2025,0,0,0,0
"ST03492","S036",2025,1,0,0,0
"ST03493","S036",2025,1,0,0,0
"ST03494","S036",2025,1,1,1,0
"ST03495","S036",2025,1,1,0,0
"ST03496","S036",2025,0,0,0,0
"ST03497","S036",2025,1,0,0,0
"ST03498","S036",2025,1,1,0,0
"ST03499","S036",2025,1,0,0,0
"ST03500","S036",2025,0,0,0,0
"ST03501","S036",2025,0,0,0,0
"ST03502","S036",2025,0,0,0,0
"ST03503","S036",2025,0,0,0,0
"ST03504","S036",2025,0,0,0,0
"ST03505","S036",2025,1,1,0,0
"ST03506","S036",2025,0,0,0,0
"ST03507","S036",2025,0,0,1,0
"ST03508","S036",2025,1,0,0,0
"ST03509","S036",2025,1,1,1,0
"ST03510","S036",2025,0,0,0,0
"ST03511","S036",2025,0,0,0,0
"ST03512","S036",2025,1,0,0,0
"ST03513","S036",2025,1,0,1,0
"ST03514","S036",2025,1,0,0,0
"ST03515","S036",2025,1,1,0,0
"ST03516","S036",2025,1,0,0,0
"ST03517","S036",2025,0,0,1,0
"ST03518","S037",2021,1,1,1,0
"ST03519","S037",2021,1,0,0,0
"ST03520","S037",2021,0,0,1,0
"ST03521","S037",2021,0,0,0,0
"ST03522","S037",2021,0,1,1,0
"ST03523","S037",2021,0,0,0,0
"ST03524","S037",2021,1,0,0,0
"ST03525","S037",2021,0,1,0,0
"ST03526","S037",2021,0,1,0,0
"ST03527","S037",2021,0,0,0,0
"ST03528","S037",2021,1,1,1,0
"ST03529","S037",2021,1,0,1,0
"ST03530","S037",2021,1,1,0,0
"ST03531","S037",2021,1,1,1,0
"ST03532","S037",2021,0,0,1,0
"ST03533","S037",2021,0,0,0,0
"ST03534","S037",2021,0,0,0,0
"ST03535","S037",2021,0,1,1,0
"ST03536","S037",2021,0,1,0,0
"ST03537","S037",2021,1,1,0,1
"ST03538","S037",2021,0,0,0,0
"ST03539","S037",2021,1,1,1,0
"ST03540","S037",2021,1,1,0,1
"ST03541","S037",2021,1,0,0,0
"ST03542","S037",2021,0,0,0,0
"ST03543","S037",2021,0,1,0,0
"ST03544","S037",2021,0,1,0,0
"ST03545","S037",2021,1,1,1,0
"ST03546","S037",2021,0,0,0,0
"ST03547","S037",2021,0,0,1,0
"ST03548","S037",2021,0,0,0,0
"ST03549","S037",2021,0,0,1,0
"ST03550","S037",2021,0,0,0,1
"ST03551","S037",2021,1,0,1,0
"ST03552","S037",2021,1,0,0,0
"ST03553","S037",2021,1,1,0,0
"ST03554","S037",2022,1,0,0,0
"ST03555","S037",2022,1,1,1,0
"ST03556","S037",2022,1,0,1,0
"ST03557","S037",2022,1,1,0,0
"ST03558","S037",2022,1,0,1,0
"ST03559","S037",2022,0,0,0,0
"ST03560","S037",2022,1,1,0,0
"ST03561","S037",2022,0,0,1,0
"ST03562","S037",2022,0,1,0,0
"ST03563","S037",2022,0,0,0,0
"ST03564","S037",2022,1,0,1,0
"ST03565","S037",2022,0,1,0,0
"ST03566","S037",2022,1,1,0,0
"ST03567","S037",2022,1,1,1,0
"ST03568","S037",2022,1,0,1,0
"ST03569","S037",2022,1,0,0,0
"ST03570","S037",2022,0,1,0,0
"ST03571","S037",2022,0,0,0,0
"ST03572","S037",2022,0,1,1,0
"ST03573","S037",2022,0,1,1,0
"ST03574","S037",2022,0,0,1,0
"ST03575","S037",2022,0,1,0,0
"ST03576","S037",2022,0,0,0,0
"ST03577","S037",2022,0,1,0,0
"ST03578","S037",2022,0,1,1,0
"ST03579","S037",2022,1,1,1,0
"ST03580","S037",2022,0,1,0,0
"ST03581","S037",2022,0,0,1,0
"ST03582","S037",2022,1,0,0,0
"ST03583","S037",2022,1,1,1,0
"ST03584","S037",2022,1,1,0,0
"ST03585","S037",2022,1,1,0,0
"ST03586","S037",2022,1,1,1,0
"ST03587","S037",2022,0,0,0,0
"ST03588","S037",2022,1,1,0,0
"ST03589","S037",2023,0,0,0,0
"ST03590","S037",2023,0,1,0,0
"ST03591","S037",2023,0,0,1,0
"ST03592","S037",2023,0,1,0,0
"ST03593","S037",2023,0,0,0,0
"ST03594","S037",2023,0,1,1,0
"ST03595","S037",2023,0,0,0,0
"ST03596","S037",2023,1,1,1,0
"ST03597","S037",2023,0,0,0,0
"ST03598","S037",2023,1,1,1,0
"ST03599","S037",2023,1,0,0,0
"ST03600","S037",2023,0,0,1,0
"ST03601","S037",2023,1,0,0,0
"ST03602","S037",2023,1,1,0,0
"ST03603","S037",2023,0,0,0,0
"ST03604","S037",2023,0,0,0,0
"ST03605","S037",2023,0,0,0,0
"ST03606","S037",2023,0,0,0,0
"ST03607","S037",2023,1,0,0,0
"ST03608","S037",2023,0,0,0,0
"ST03609","S037",2023,0,0,0,0
"ST03610","S037",2023,1,1,0,0
"ST03611","S037",2023,0,0,0,0
"ST03612","S037",2023,1,0,0,0
"ST03613","S037",2023,1,1,0,0
"ST03614","S037",2023,0,0,1,0
"ST03615","S037",2023,0,0,0,0
"ST03616","S037",2023,0,0,0,0
"ST03617","S037",2024,1,0,1,0
"ST03618","S037",2024,1,1,1,0
"ST03619","S037",2024,1,1,0,0
"ST03620","S037",2024,1,1,0,0
"ST03621","S037",2024,1,1,0,0
"ST03622","S037",2024,0,0,1,0
"ST03623","S037",2024,0,0,0,0
"ST03624","S037",2024,1,1,0,0
"ST03625","S037",2024,1,1,0,0
"ST03626","S037",2024,1,1,0,0
"ST03627","S037",2024,0,0,0,0
"ST03628","S037",2024,0,1,0,0
"ST03629","S037",2024,1,1,1,0
"ST03630","S037",2024,0,0,0,0
"ST03631","S037",2024,1,0,1,0
"ST03632","S037",2024,1,0,0,0
"ST03633","S037",2024,1,1,1,0
"ST03634","S037",2024,1,1,0,0
"ST03635","S037",2024,0,0,0,0
"ST03636","S037",2024,0,1,1,1
"ST03637","S037",2024,1,0,0,0
"ST03638","S037",2024,0,0,1,0
"ST03639","S037",2024,1,1,0,1
"ST03640","S037",2024,1,1,1,0
"ST03641","S037",2024,1,1,1,0
"ST03642","S037",2024,0,0,0,0
"ST03643","S037",2024,0,0,0,0
"ST03644","S037",2024,0,0,0,0
"ST03645","S037",2024,0,1,1,0
"ST03646","S037",2024,1,1,0,0
"ST03647","S037",2024,0,1,0,0
"ST03648","S037",2024,1,0,0,0
"ST03649","S037",2024,0,1,0,0
"ST03650","S037",2024,1,0,0,0
"ST03651","S037",2024,1,1,1,0
"ST03652","S037",2024,0,0,0,0
"ST03653","S037",2025,1,1,1,0
"ST03654","S037",2025,1,0,0,0
"ST03655","S037",2025,0,1,1,0
"ST03656","S037",2025,1,1,0,0
"ST03657","S037",2025,0,0,0,0
"ST03658","S037",2025,0,1,0,0
"ST03659","S037",2025,1,1,1,0
"ST03660","S037",2025,0,0,0,0
"ST03661","S037",2025,1,1,1,1
"ST03662","S037",2025,0,1,1,0
"ST03663","S037",2025,0,0,0,0
"ST03664","S037",2025,0,0,0,0
"ST03665","S037",2025,1,1,1,0
"ST03666","S037",2025,0,0,0,0
"ST03667","S037",2025,1,1,1,1
"ST03668","S037",2025,1,0,0,0
"ST03669","S037",2025,1,0,0,0
"ST03670","S037",2025,0,1,1,0
"ST03671","S037",2025,1,0,0,0
"ST03672","S037",2025,0,0,0,0
"ST03673","S037",2025,0,0,0,0
"ST03674","S037",2025,1,0,0,0
"ST03675","S037",2025,0,0,0,0
"ST03676","S037",2025,1,0,1,0
"ST03677","S037",2025,0,1,1,0
"ST03678","S037",2025,0,0,0,0
"ST03679","S037",2025,0,0,0,0
"ST03680","S037",2025,1,1,1,0
"ST03681","S037",2025,1,1,1,0
"ST03682","S037",2025,0,1,0,1
"ST03683","S037",2025,0,0,1,0
"ST03684","S037",2025,1,0,0,0
"ST03685","S038",2021,0,0,0,0
"ST03686","S038",2021,0,0,0,0
"ST03687","S038",2021,0,0,0,0
"ST03688","S038",2021,1,0,0,0
"ST03689","S038",2021,1,0,1,0
"ST03690","S038",2021,0,1,0,0
"ST03691","S038",2021,0,0,0,0
"ST03692","S038",2021,0,0,1,0
"ST03693","S038",2021,0,1,1,0
"ST03694","S038",2021,0,0,0,0
"ST03695","S038",2021,1,1,1,0
"ST03696","S038",2021,0,1,0,0
"ST03697","S038",2021,1,0,0,0
"ST03698","S038",2021,0,0,0,0
"ST03699","S038",2021,0,0,0,0
"ST03700","S038",2021,1,0,0,0
"ST03701","S038",2021,1,0,0,0
"ST03702","S038",2021,1,0,0,0
"ST03703","S038",2021,0,0,0,0
"ST03704","S038",2021,1,0,0,0
"ST03705","S038",2021,0,0,0,0
"ST03706","S038",2021,1,1,0,0
"ST03707","S038",2021,0,0,0,0
"ST03708","S038",2021,0,0,0,0
"ST03709","S038",2021,1,1,0,0
"ST03710","S038",2021,1,0,1,0
"ST03711","S038",2021,1,0,1,0
"ST03712","S038",2021,0,0,1,0
"ST03713","S038",2021,0,0,0,0
"ST03714","S038",2021,0,0,0,0
"ST03715","S038",2021,0,0,0,0
"ST03716","S038",2021,0,0,0,0
"ST03717","S038",2021,0,1,0,0
"ST03718","S038",2021,0,0,0,0
"ST03719","S038",2021,1,0,1,0
"ST03720","S038",2022,0,0,0,0
"ST03721","S038",2022,1,1,0,0
"ST03722","S038",2022,1,0,0,0
"ST03723","S038",2022,1,0,0,0
"ST03724","S038",2022,0,0,0,0
"ST03725","S038",2022,0,1,1,0
"ST03726","S038",2022,1,0,0,0
"ST03727","S038",2022,0,0,0,0
"ST03728","S038",2022,0,0,0,0
"ST03729","S038",2022,0,0,0,0
"ST03730","S038",2022,0,0,0,0
"ST03731","S038",2022,0,0,0,0
"ST03732","S038",2022,0,0,0,0
"ST03733","S038",2022,0,0,0,0
"ST03734","S038",2022,0,0,0,0
"ST03735","S038",2022,1,1,1,0
"ST03736","S038",2022,0,0,0,0
"ST03737","S038",2022,0,0,0,0
"ST03738","S038",2022,0,0,0,0
"ST03739","S038",2022,0,0,0,0
"ST03740","S038",2022,0,0,0,0
"ST03741","S038",2022,1,0,1,0
"ST03742","S038",2022,1,0,0,0
"ST03743","S038",2022,0,1,0,0
"ST03744","S038",2022,1,1,1,0
"ST03745","S038",2022,1,1,0,0
"ST03746","S038",2022,1,1,0,0
"ST03747","S038",2022,0,0,0,0
"ST03748","S038",2022,0,0,0,0
"ST03749","S038",2022,1,0,0,0
"ST03750","S038",2022,1,1,1,0
"ST03751","S038",2022,1,0,0,0
"ST03752","S038",2022,0,0,0,0
"ST03753","S038",2022,1,0,1,0
"ST03754","S038",2022,0,0,0,0
"ST03755","S038",2022,0,0,1,0
"ST03756","S038",2022,1,1,0,0
"ST03757","S038",2022,0,1,0,0
"ST03758","S038",2022,0,1,0,0
"ST03759","S038",2023,0,0,0,0
"ST03760","S038",2023,1,0,0,0
"ST03761","S038",2023,0,0,0,0
"ST03762","S038",2023,0,0,0,0
"ST03763","S038",2023,1,0,0,0
"ST03764","S038",2023,0,0,0,0
"ST03765","S038",2023,0,0,0,0
"ST03766","S038",2023,0,1,1,0
"ST03767","S038",2023,1,0,0,0
"ST03768","S038",2023,0,0,0,0
"ST03769","S038",2023,1,1,0,0
"ST03770","S038",2023,0,0,1,0
"ST03771","S038",2023,0,0,0,0
"ST03772","S038",2023,0,0,0,0
"ST03773","S038",2023,0,0,0,0
"ST03774","S038",2023,1,0,1,0
"ST03775","S038",2023,1,0,0,0
"ST03776","S038",2023,0,1,0,0
"ST03777","S038",2023,1,0,0,0
"ST03778","S038",2023,0,0,0,0
"ST03779","S038",2023,0,0,0,0
"ST03780","S038",2023,0,0,0,0
"ST03781","S038",2023,0,1,1,0
"ST03782","S038",2023,1,0,0,0
"ST03783","S038",2023,0,0,0,0
"ST03784","S038",2023,1,0,0,0
"ST03785","S038",2023,1,0,0,0
"ST03786","S038",2023,1,0,0,0
"ST03787","S038",2023,0,0,0,0
"ST03788","S038",2023,0,1,1,0
"ST03789","S038",2023,0,0,0,0
"ST03790","S038",2023,0,0,0,0
"ST03791","S038",2023,1,1,0,0
"ST03792","S038",2023,0,0,0,0
"ST03793","S038",2023,1,0,0,0
"ST03794","S038",2023,1,0,0,0
"ST03795","S038",2023,1,1,1,0
"ST03796","S038",2023,1,0,0,0
"ST03797","S038",2023,1,1,0,0
"ST03798","S038",2023,0,0,1,0
"ST03799","S038",2023,0,0,1,0
"ST03800","S038",2023,1,1,1,0
"ST03801","S038",2023,1,0,0,0
"ST03802","S038",2023,1,0,0,0
"ST03803","S038",2023,0,0,0,0
"ST03804","S038",2023,0,0,0,0
"ST03805","S038",2024,0,0,0,0
"ST03806","S038",2024,0,1,0,0
"ST03807","S038",2024,1,1,1,0
"ST03808","S038",2024,0,0,0,0
"ST03809","S038",2024,1,0,0,0
"ST03810","S038",2024,0,0,0,0
"ST03811","S038",2024,0,0,0,0
"ST03812","S038",2024,1,0,0,0
"ST03813","S038",2024,1,0,1,0
"ST03814","S038",2024,0,0,0,0
"ST03815","S038",2024,0,0,0,0
"ST03816","S038",2024,0,0,0,0
"ST03817","S038",2024,0,0,1,0
"ST03818","S038",2024,0,0,0,0
"ST03819","S038",2024,1,0,0,0
"ST03820","S038",2024,1,1,0,0
"ST03821","S038",2024,1,1,1,0
"ST03822","S038",2024,0,0,0,0
"ST03823","S038",2024,0,0,0,0
"ST03824","S038",2024,0,1,0,0
"ST03825","S038",2024,1,0,1,0
"ST03826","S038",2024,0,0,1,0
"ST03827","S038",2024,0,1,0,0
"ST03828","S038",2024,1,0,0,0
"ST03829","S038",2024,1,1,1,0
"ST03830","S038",2024,0,0,1,0
"ST03831","S038",2024,1,0,0,0
"ST03832","S038",2024,0,0,0,0
"ST03833","S038",2024,1,1,1,0
"ST03834","S038",2024,0,0,0,0
"ST03835","S038",2024,1,0,0,0
"ST03836","S038",2024,1,0,0,0
"ST03837","S038",2024,0,0,0,0
"ST03838","S038",2024,0,0,0,0
"ST03839","S038",2024,1,1,1,0
"ST03840","S038",2024,1,1,1,0
"ST03841","S038",2024,1,1,0,0
"ST03842","S038",2024,1,0,0,0
"ST03843","S038",2024,0,0,0,0
"ST03844","S038",2024,0,0,0,0
"ST03845","S038",2024,0,0,0,0
"ST03846","S038",2024,0,0,0,0
"ST03847","S038",2024,0,1,0,0
"ST03848","S038",2024,0,1,1,0
"ST03849","S038",2024,0,0,0,0
"ST03850","S038",2024,0,0,1,0
"ST03851","S038",2025,0,0,0,0
"ST03852","S038",2025,0,0,1,0
"ST03853","S038",2025,1,0,0,0
"ST03854","S038",2025,1,1,1,0
"ST03855","S038",2025,0,0,0,0
"ST03856","S038",2025,0,0,0,0
"ST03857","S038",2025,0,1,0,0
"ST03858","S038",2025,0,0,0,0
"ST03859","S038",2025,1,1,1,0
"ST03860","S038",2025,1,1,1,0
"ST03861","S038",2025,1,0,0,0
"ST03862","S038",2025,1,0,0,0
"ST03863","S038",2025,0,0,0,0
"ST03864","S038",2025,0,0,0,0
"ST03865","S038",2025,0,0,0,0
"ST03866","S038",2025,1,0,1,0
"ST03867","S038",2025,1,1,1,0
"ST03868","S038",2025,0,0,0,0
"ST03869","S038",2025,0,0,0,0
"ST03870","S038",2025,0,0,0,0
"ST03871","S038",2025,1,1,1,1
"ST03872","S038",2025,1,1,1,0
"ST03873","S038",2025,0,0,0,0
"ST03874","S038",2025,1,0,0,0
"ST03875","S038",2025,1,0,0,0
"ST03876","S038",2025,0,1,1,0
"ST03877","S038",2025,1,1,1,0
"ST03878","S038",2025,1,0,0,0
"ST03879","S038",2025,1,0,0,0
"ST03880","S038",2025,1,0,0,0
"ST03881","S039",2021,0,0,0,0
"ST03882","S039",2021,1,1,1,0
"ST03883","S039",2021,0,0,0,0
"ST03884","S039",2021,0,0,0,0
"ST03885","S039",2021,0,0,0,0
"ST03886","S039",2021,1,0,1,0
"ST03887","S039",2021,1,1,0,0
"ST03888","S039",2021,0,1,0,0
"ST03889","S039",2021,1,1,1,1
"ST03890","S039",2021,0,0,0,0
"ST03891","S039",2021,0,0,0,0
"ST03892","S039",2021,0,0,0,0
"ST03893","S039",2021,0,1,0,0
"ST03894","S039",2021,0,0,0,0
"ST03895","S039",2021,1,1,0,0
"ST03896","S039",2021,1,0,0,0
"ST03897","S039",2021,1,1,0,0
"ST03898","S039",2021,0,0,0,0
"ST03899","S039",2021,1,0,0,0
"ST03900","S039",2021,1,0,0,0
"ST03901","S039",2021,0,0,0,0
"ST03902","S039",2021,1,0,0,0
"ST03903","S039",2021,0,0,0,0
"ST03904","S039",2021,1,1,0,0
"ST03905","S039",2021,0,0,1,0
"ST03906","S039",2021,1,1,0,0
"ST03907","S039",2021,1,1,1,0
"ST03908","S039",2021,1,0,0,0
"ST03909","S039",2021,0,1,0,0
"ST03910","S039",2021,0,0,0,0
"ST03911","S039",2021,0,0,0,0
"ST03912","S039",2021,0,1,0,0
"ST03913","S039",2021,0,1,0,0
"ST03914","S039",2021,1,0,0,0
"ST03915","S039",2021,0,0,0,0
"ST03916","S039",2022,1,1,0,0
"ST03917","S039",2022,0,0,0,0
"ST03918","S039",2022,0,1,0,0
"ST03919","S039",2022,1,1,1,0
"ST03920","S039",2022,0,1,0,0
"ST03921","S039",2022,1,0,0,0
"ST03922","S039",2022,1,0,0,0
"ST03923","S039",2022,0,0,1,0
"ST03924","S039",2022,0,0,0,0
"ST03925","S039",2022,0,1,0,0
"ST03926","S039",2022,0,0,0,0
"ST03927","S039",2022,0,1,0,0
"ST03928","S039",2022,1,0,0,0
"ST03929","S039",2022,0,1,0,0
"ST03930","S039",2022,0,0,0,0
"ST03931","S039",2022,1,1,0,0
"ST03932","S039",2022,1,1,1,0
"ST03933","S039",2022,0,0,1,0
"ST03934","S039",2022,0,0,0,0
"ST03935","S039",2022,0,0,0,0
"ST03936","S039",2022,1,1,1,0
"ST03937","S039",2022,0,0,0,0
"ST03938","S039",2022,0,0,0,0
"ST03939","S039",2022,0,0,0,0
"ST03940","S039",2022,0,0,0,0
"ST03941","S039",2022,0,0,0,0
"ST03942","S039",2022,0,0,0,0
"ST03943","S039",2022,1,1,0,0
"ST03944","S039",2022,0,0,0,0
"ST03945","S039",2022,0,0,0,0
"ST03946","S039",2022,0,0,0,0
"ST03947","S039",2022,0,0,0,0
"ST03948","S039",2022,0,1,0,0
"ST03949","S039",2022,0,1,0,0
"ST03950","S039",2022,0,1,0,0
"ST03951","S039",2022,1,1,0,0
"ST03952","S039",2022,0,0,1,0
"ST03953","S039",2022,1,0,1,0
"ST03954","S039",2023,1,0,0,0
"ST03955","S039",2023,0,1,0,0
"ST03956","S039",2023,0,0,0,0
"ST03957","S039",2023,1,1,0,0
"ST03958","S039",2023,1,1,1,0
"ST03959","S039",2023,1,1,0,0
"ST03960","S039",2023,1,1,1,0
"ST03961","S039",2023,0,1,1,0
"ST03962","S039",2023,0,1,0,0
"ST03963","S039",2023,1,1,0,1
"ST03964","S039",2023,0,1,0,0
"ST03965","S039",2023,0,0,0,0
"ST03966","S039",2023,1,0,0,0
"ST03967","S039",2023,0,0,1,0
"ST03968","S039",2023,1,1,0,0
"ST03969","S039",2023,0,1,0,0
"ST03970","S039",2023,1,1,0,0
"ST03971","S039",2023,0,1,0,0
"ST03972","S039",2023,0,0,0,0
"ST03973","S039",2023,0,1,0,0
"ST03974","S039",2023,1,1,0,0
"ST03975","S039",2023,0,0,0,0
"ST03976","S039",2023,1,1,1,0
"ST03977","S039",2023,1,0,0,0
"ST03978","S039",2023,0,0,0,0
"ST03979","S039",2023,0,0,0,0
"ST03980","S039",2023,1,1,1,0
"ST03981","S039",2023,1,0,0,0
"ST03982","S039",2023,0,1,0,0
"ST03983","S039",2023,0,0,0,0
"ST03984","S039",2023,0,0,0,0
"ST03985","S039",2023,1,0,0,0
"ST03986","S039",2023,0,1,1,0
"ST03987","S039",2023,0,1,0,0
"ST03988","S039",2023,0,0,1,0
"ST03989","S039",2023,1,1,0,0
"ST03990","S039",2023,0,0,0,0
"ST03991","S039",2023,1,0,0,0
"ST03992","S039",2023,1,0,0,0
"ST03993","S039",2023,1,1,0,0
"ST03994","S039",2023,0,0,0,0
"ST03995","S039",2023,1,0,0,0
"ST03996","S039",2023,0,1,0,0
"ST03997","S039",2024,1,1,0,0
"ST03998","S039",2024,0,0,1,0
"ST03999","S039",2024,1,1,1,0
"ST04000","S039",2024,0,0,0,0
"ST04001","S039",2024,1,1,1,0
"ST04002","S039",2024,0,0,1,0
"ST04003","S039",2024,1,1,1,0
"ST04004","S039",2024,0,0,0,0
"ST04005","S039",2024,0,1,0,0
"ST04006","S039",2024,0,1,0,0
"ST04007","S039",2024,0,1,0,0
"ST04008","S039",2024,1,1,1,0
"ST04009","S039",2024,0,1,1,0
"ST04010","S039",2024,1,0,1,0
"ST04011","S039",2024,0,0,0,0
"ST04012","S039",2024,0,0,0,0
"ST04013","S039",2024,1,1,0,0
"ST04014","S039",2024,0,1,0,0
"ST04015","S039",2024,1,0,0,0
"ST04016","S039",2024,0,0,0,0
"ST04017","S039",2024,0,0,1,0
"ST04018","S039",2024,0,0,0,0
"ST04019","S039",2024,0,0,1,0
"ST04020","S039",2024,0,0,0,0
"ST04021","S039",2024,1,1,0,0
"ST04022","S039",2024,1,1,1,0
"ST04023","S039",2024,0,1,0,0
"ST04024","S039",2024,1,0,0,0
"ST04025","S039",2024,1,0,0,0
"ST04026","S039",2024,0,0,0,0
"ST04027","S039",2024,0,1,0,0
"ST04028","S039",2024,0,0,0,0
"ST04029","S039",2024,1,0,0,0
"ST04030","S039",2024,1,1,0,0
"ST04031","S039",2024,1,1,0,0
"ST04032","S039",2024,1,1,0,0
"ST04033","S039",2024,0,1,1,0
"ST04034","S039",2024,0,0,0,0
"ST04035","S039",2024,0,1,0,0
"ST04036","S039",2024,1,0,0,0
"ST04037","S039",2024,1,0,0,0
"ST04038","S039",2024,1,0,0,0
"ST04039","S039",2025,1,1,0,1
"ST04040","S039",2025,0,0,0,0
"ST04041","S039",2025,0,1,1,0
"ST04042","S039",2025,0,0,0,0
"ST04043","S039",2025,1,1,1,0
"ST04044","S039",2025,1,0,0,0
"ST04045","S039",2025,0,0,0,0
"ST04046","S039",2025,1,1,1,0
"ST04047","S039",2025,0,1,0,0
"ST04048","S039",2025,0,1,0,0
"ST04049","S039",2025,0,0,0,0
"ST04050","S039",2025,1,1,0,0
"ST04051","S039",2025,0,1,0,0
"ST04052","S039",2025,0,0,0,0
"ST04053","S039",2025,0,0,0,0
"ST04054","S039",2025,0,0,0,0
"ST04055","S039",2025,0,0,0,0
"ST04056","S039",2025,0,0,0,0
"ST04057","S039",2025,1,0,1,0
"ST04058","S039",2025,0,0,0,0
"ST04059","S039",2025,0,0,0,0
"ST04060","S039",2025,1,1,0,0
"ST04061","S039",2025,0,0,0,0
"ST04062","S039",2025,0,0,0,0
"ST04063","S039",2025,1,1,1,0
"ST04064","S039",2025,0,0,0,0
"ST04065","S039",2025,1,1,0,0
"ST04066","S039",2025,0,0,0,0
"ST04067","S039",2025,0,1,0,0
"ST04068","S039",2025,0,1,0,0
"ST04069","S039",2025,0,0,0,0
"ST04070","S039",2025,0,0,0,0
"ST04071","S039",2025,0,0,1,0
"ST04072","S039",2025,1,1,1,1
"ST04073","S039",2025,1,0,0,0
"ST04074","S039",2025,0,1,1,0
"ST04075","S039",2025,1,1,1,0
"ST04076","S039",2025,0,1,0,0
"ST04077","S039",2025,0,0,0,0
"ST04078","S039",2025,0,0,1,0
"ST04079","S039",2025,1,1,1,0
"ST04080","S039",2025,1,1,0,0
"ST04081","S039",2025,1,1,0,0
"ST04082","S039",2025,0,0,0,0
"ST04083","S039",2025,1,1,1,0
"ST04084","S040",2021,0,0,1,0
"ST04085","S040",2021,0,0,0,0
"ST04086","S040",2021,0,0,0,0
"ST04087","S040",2021,0,0,0,0
"ST04088","S040",2021,0,0,1,0
"ST04089","S040",2021,0,0,0,0
"ST04090","S040",2021,0,0,0,0
"ST04091","S040",2021,0,0,0,0
"ST04092","S040",2021,0,1,0,0
"ST04093","S040",2021,0,1,0,0
"ST04094","S040",2021,0,0,0,0
"ST04095","S040",2021,1,1,1,0
"ST04096","S040",2021,1,0,0,0
"ST04097","S040",2021,1,1,0,0
"ST04098","S040",2021,1,1,1,0
"ST04099","S040",2021,0,0,0,0
"ST04100","S040",2021,1,0,0,0
"ST04101","S040",2021,0,0,0,0
"ST04102","S040",2021,1,0,0,0
"ST04103","S040",2021,0,0,0,0
"ST04104","S040",2021,0,0,0,0
"ST04105","S040",2021,0,0,0,0
"ST04106","S040",2021,1,0,0,0
"ST04107","S040",2021,1,0,0,0
"ST04108","S040",2021,1,1,0,0
"ST04109","S040",2021,0,1,0,0
"ST04110","S040",2021,1,1,0,0
"ST04111","S040",2021,0,0,0,0
"ST04112","S040",2021,0,0,0,0
"ST04113","S040",2021,0,0,0,0
"ST04114","S040",2021,1,0,0,0
"ST04115","S040",2021,0,1,0,0
"ST04116","S040",2021,0,1,0,0
"ST04117","S040",2021,1,0,0,0
"ST04118","S040",2021,0,1,0,0
"ST04119","S040",2021,0,0,0,0
"ST04120","S040",2021,0,0,0,0
"ST04121","S040",2021,1,1,0,0
"ST04122","S040",2021,0,0,0,0
"ST04123","S040",2021,1,1,0,0
"ST04124","S040",2021,1,0,1,0
"ST04125","S040",2021,1,0,0,0
"ST04126","S040",2021,0,1,1,0
"ST04127","S040",2021,0,0,1,0
"ST04128","S040",2021,0,0,0,0
"ST04129","S040",2021,0,1,1,0
"ST04130","S040",2021,0,0,0,0
"ST04131","S040",2021,0,0,0,0
"ST04132","S040",2021,1,1,0,0
"ST04133","S040",2021,1,1,1,0
"ST04134","S040",2021,1,0,1,0
"ST04135","S040",2021,0,0,0,0
"ST04136","S040",2021,0,1,0,0
"ST04137","S040",2021,1,1,1,0
"ST04138","S040",2022,0,0,0,0
"ST04139","S040",2022,1,1,1,0
"ST04140","S040",2022,0,0,1,0
"ST04141","S040",2022,0,0,0,0
"ST04142","S040",2022,0,0,0,0
"ST04143","S040",2022,1,1,0,0
"ST04144","S040",2022,0,1,1,0
"ST04145","S040",2022,1,0,0,0
"ST04146","S040",2022,0,0,0,0
"ST04147","S040",2022,0,0,0,0
"ST04148","S040",2022,0,0,0,0
"ST04149","S040",2022,0,0,1,0
"ST04150","S040",2022,0,1,1,0
"ST04151","S040",2022,1,0,0,0
"ST04152","S040",2022,1,1,0,0
"ST04153","S040",2022,0,0,0,0
"ST04154","S040",2022,0,1,0,0
"ST04155","S040",2022,1,0,1,0
"ST04156","S040",2022,0,0,0,0
"ST04157","S040",2022,1,1,1,0
"ST04158","S040",2022,0,0,0,1
"ST04159","S040",2022,0,0,0,0
"ST04160","S040",2022,0,0,0,0
"ST04161","S040",2022,1,1,0,0
"ST04162","S040",2022,0,0,0,0
"ST04163","S040",2022,1,0,1,0
"ST04164","S040",2022,0,1,0,0
"ST04165","S040",2022,1,1,0,0
"ST04166","S040",2022,0,0,0,0
"ST04167","S040",2022,0,1,0,0
"ST04168","S040",2022,0,1,1,0
"ST04169","S040",2022,0,0,0,0
"ST04170","S040",2022,1,0,0,0
"ST04171","S040",2022,0,0,1,0
"ST04172","S040",2022,0,0,0,0
"ST04173","S040",2022,0,1,0,0
"ST04174","S040",2022,0,0,0,0
"ST04175","S040",2022,0,0,0,0
"ST04176","S040",2022,0,0,0,0
"ST04177","S040",2022,0,0,1,0
"ST04178","S040",2022,0,1,1,0
"ST04179","S040",2022,1,1,1,1
"ST04180","S040",2022,0,1,0,0
"ST04181","S040",2022,0,0,0,0
"ST04182","S040",2022,1,0,0,0
"ST04183","S040",2022,1,1,1,0
"ST04184","S040",2022,0,1,0,0
"ST04185","S040",2022,0,0,0,0
"ST04186","S040",2023,1,1,1,0
"ST04187","S040",2023,1,1,0,0
"ST04188","S040",2023,0,0,0,0
"ST04189","S040",2023,1,1,1,0
"ST04190","S040",2023,0,0,0,0
"ST04191","S040",2023,0,0,0,0
"ST04192","S040",2023,0,0,0,0
"ST04193","S040",2023,1,1,1,1
"ST04194","S040",2023,1,0,0,0
"ST04195","S040",2023,0,1,0,0
"ST04196","S040",2023,0,0,0,0
"ST04197","S040",2023,1,1,1,0
"ST04198","S040",2023,0,0,0,0
"ST04199","S040",2023,0,0,0,0
"ST04200","S040",2023,0,1,0,1
"ST04201","S040",2023,1,0,0,0
"ST04202","S040",2023,0,0,0,0
"ST04203","S040",2023,1,0,0,0
"ST04204","S040",2023,1,0,0,0
"ST04205","S040",2023,1,1,0,0
"ST04206","S040",2023,0,0,0,0
"ST04207","S040",2023,0,0,0,0
"ST04208","S040",2023,1,1,0,0
"ST04209","S040",2023,1,0,0,0
"ST04210","S040",2023,0,0,0,0
"ST04211","S040",2023,0,0,0,0
"ST04212","S040",2023,0,0,0,0
"ST04213","S040",2023,0,0,0,0
"ST04214","S040",2023,0,1,1,0
"ST04215","S040",2023,1,0,0,0
"ST04216","S040",2023,0,0,0,0
"ST04217","S040",2023,1,0,0,0
"ST04218","S040",2023,1,1,0,0
"ST04219","S040",2023,1,0,1,0
"ST04220","S040",2023,1,0,0,0
"ST04221","S040",2023,1,1,1,0
"ST04222","S040",2024,1,0,0,0
"ST04223","S040",2024,1,1,1,0
"ST04224","S040",2024,0,0,0,0
"ST04225","S040",2024,1,0,0,0
"ST04226","S040",2024,0,0,0,0
"ST04227","S040",2024,0,0,0,0
"ST04228","S040",2024,0,0,0,0
"ST04229","S040",2024,0,1,1,0
"ST04230","S040",2024,1,0,0,0
"ST04231","S040",2024,0,1,0,0
"ST04232","S040",2024,0,0,0,0
"ST04233","S040",2024,1,1,0,0
"ST04234","S040",2024,0,0,0,0
"ST04235","S040",2024,1,1,0,0
"ST04236","S040",2024,1,1,0,0
"ST04237","S040",2024,1,0,0,0
"ST04238","S040",2024,1,0,0,0
"ST04239","S040",2024,1,0,0,0
"ST04240","S040",2024,0,1,1,0
"ST04241","S040",2024,1,0,0,0
"ST04242","S040",2024,1,1,0,0
"ST04243","S040",2024,0,0,0,0
"ST04244","S040",2024,1,0,0,0
"ST04245","S040",2024,0,1,0,0
"ST04246","S040",2024,0,0,1,0
"ST04247","S040",2024,0,0,0,0
"ST04248","S040",2024,0,0,0,0
"ST04249","S040",2024,0,1,0,0
"ST04250","S040",2024,0,0,0,0
"ST04251","S040",2024,1,0,0,0
"ST04252","S040",2024,0,0,0,0
"ST04253","S040",2024,1,0,1,0
"ST04254","S040",2024,1,1,0,0
"ST04255","S040",2024,1,0,1,0
"ST04256","S040",2024,0,0,0,0
"ST04257","S040",2024,1,0,1,0
"ST04258","S040",2024,1,0,0,0
"ST04259","S040",2024,0,0,0,0
"ST04260","S040",2024,0,0,0,0
"ST04261","S040",2024,0,0,0,0
"ST04262","S040",2024,1,0,0,0
"ST04263","S040",2024,1,1,1,0
"ST04264","S040",2024,0,0,0,0
"ST04265","S040",2024,1,1,0,0
"ST04266","S040",2024,0,0,0,0
"ST04267","S040",2024,0,0,0,0
"ST04268","S040",2024,0,0,0,0
"ST04269","S040",2024,0,0,1,0
"ST04270","S040",2025,0,0,0,0
"ST04271","S040",2025,0,0,0,0
"ST04272","S040",2025,0,0,0,0
"ST04273","S040",2025,0,0,0,0
"ST04274","S040",2025,0,0,0,0
"ST04275","S040",2025,0,0,0,0
"ST04276","S040",2025,1,1,0,0
"ST04277","S040",2025,0,1,1,0
"ST04278","S040",2025,0,0,0,0
"ST04279","S040",2025,1,1,0,0
"ST04280","S040",2025,0,0,0,0
"ST04281","S040",2025,0,0,0,0
"ST04282","S040",2025,0,0,0,0
"ST04283","S040",2025,0,0,0,0
"ST04284","S040",2025,0,1,0,0
"ST04285","S040",2025,1,0,0,0
"ST04286","S040",2025,1,0,0,0
"ST04287","S040",2025,1,0,0,0
"ST04288","S040",2025,0,1,1,0
"ST04289","S040",2025,0,0,0,0
"ST04290","S040",2025,0,0,0,0
"ST04291","S040",2025,0,0,1,0
"ST04292","S040",2025,0,0,0,0
"ST04293","S040",2025,1,1,0,0
"ST04294","S040",2025,0,0,1,0
"ST04295","S040",2025,0,1,0,0
"ST04296","S040",2025,0,0,0,0
"ST04297","S040",2025,1,1,1,0
"ST04298","S040",2025,0,0,0,0
"ST04299","S040",2025,0,0,0,0
"ST04300","S040",2025,1,0,0,0
"ST04301","S040",2025,0,0,0,0
"ST04302","S040",2025,1,0,1,0
"ST04303","S040",2025,1,1,1,0
"ST04304","S040",2025,0,0,0,0
"ST04305","S040",2025,0,0,0,0
"ST04306","S040",2025,0,0,0,0
"ST04307","S040",2025,0,0,0,0
"ST04308","S040",2025,0,1,0,0
"ST04309","S040",2025,0,0,0,0
"ST04310","S040",2025,0,0,0,0
"ST04311","S040",2025,1,0,0,0
"ST04312","S040",2025,0,0,0,0
"ST04313","S041",2021,0,0,1,0
"ST04314","S041",2021,0,0,0,0
"ST04315","S041",2021,0,0,1,0
"ST04316","S041",2021,0,0,0,0
"ST04317","S041",2021,0,0,0,0
"ST04318","S041",2021,0,0,0,0
"ST04319","S041",2021,0,0,1,0
"ST04320","S041",2021,1,0,0,0
"ST04321","S041",2021,0,0,0,0
"ST04322","S041",2021,1,1,1,0
"ST04323","S041",2021,1,0,0,0
"ST04324","S041",2021,0,0,0,0
"ST04325","S041",2021,1,0,0,0
"ST04326","S041",2021,1,0,1,0
"ST04327","S041",2021,0,0,0,0
"ST04328","S041",2021,1,0,0,0
"ST04329","S041",2021,1,0,0,0
"ST04330","S041",2021,1,0,1,1
"ST04331","S041",2021,0,0,0,0
"ST04332","S041",2021,0,0,0,0
"ST04333","S041",2021,0,0,0,0
"ST04334","S041",2021,0,0,0,0
"ST04335","S041",2021,0,0,0,0
"ST04336","S041",2021,0,0,0,0
"ST04337","S041",2021,0,0,0,0
"ST04338","S041",2021,1,0,1,0
"ST04339","S041",2021,0,0,0,0
"ST04340","S041",2021,0,0,1,0
"ST04341","S041",2021,0,0,0,0
"ST04342","S041",2021,0,0,0,0
"ST04343","S041",2021,0,0,1,0
"ST04344","S041",2021,1,0,0,0
"ST04345","S041",2021,0,0,0,0
"ST04346","S041",2021,0,0,0,0
"ST04347","S041",2021,1,0,0,0
"ST04348","S041",2021,1,1,0,0
"ST04349","S041",2021,0,0,0,0
"ST04350","S041",2021,0,0,0,0
"ST04351","S041",2021,0,0,1,0
"ST04352","S041",2021,0,0,1,0
"ST04353","S041",2021,1,0,0,0
"ST04354","S041",2022,0,0,0,0
"ST04355","S041",2022,1,0,0,0
"ST04356","S041",2022,0,0,0,0
"ST04357","S041",2022,0,0,0,0
"ST04358","S041",2022,1,1,1,0
"ST04359","S041",2022,1,0,0,0
"ST04360","S041",2022,0,0,1,0
"ST04361","S041",2022,0,0,0,0
"ST04362","S041",2022,1,1,1,0
"ST04363","S041",2022,1,1,0,0
"ST04364","S041",2022,0,0,0,0
"ST04365","S041",2022,1,0,1,0
"ST04366","S041",2022,0,0,0,0
"ST04367","S041",2022,1,1,1,0
"ST04368","S041",2022,0,0,0,0
"ST04369","S041",2022,0,0,1,0
"ST04370","S041",2022,1,0,0,0
"ST04371","S041",2022,0,0,0,0
"ST04372","S041",2022,1,0,0,0
"ST04373","S041",2022,1,0,0,0
"ST04374","S041",2022,0,0,0,0
"ST04375","S041",2022,1,0,0,0
"ST04376","S041",2022,0,0,0,0
"ST04377","S041",2022,0,0,0,0
"ST04378","S041",2022,0,0,0,0
"ST04379","S041",2022,1,1,1,0
"ST04380","S041",2022,1,0,0,0
"ST04381","S041",2022,1,0,0,0
"ST04382","S041",2022,1,0,0,0
"ST04383","S041",2022,1,0,0,0
"ST04384","S041",2022,0,0,0,0
"ST04385","S041",2022,0,0,0,0
"ST04386","S041",2022,0,0,0,0
"ST04387","S041",2022,0,0,0,0
"ST04388","S041",2022,0,0,0,0
"ST04389","S041",2022,0,0,1,0
"ST04390","S041",2022,0,0,0,0
"ST04391","S041",2022,0,0,0,0
"ST04392","S041",2022,0,1,1,1
"ST04393","S041",2022,1,0,0,0
"ST04394","S041",2022,1,0,0,0
"ST04395","S041",2022,0,0,0,1
"ST04396","S041",2023,0,0,0,0
"ST04397","S041",2023,0,0,0,0
"ST04398","S041",2023,1,0,0,0
"ST04399","S041",2023,0,0,0,0
"ST04400","S041",2023,0,0,0,0
"ST04401","S041",2023,1,1,0,0
"ST04402","S041",2023,0,0,0,0
"ST04403","S041",2023,1,0,1,0
"ST04404","S041",2023,0,0,0,0
"ST04405","S041",2023,0,0,0,0
"ST04406","S041",2023,1,1,0,0
"ST04407","S041",2023,0,0,0,0
"ST04408","S041",2023,1,1,1,0
"ST04409","S041",2023,1,1,0,0
"ST04410","S041",2023,0,0,0,0
"ST04411","S041",2023,0,0,0,0
"ST04412","S041",2023,0,0,0,0
"ST04413","S041",2023,0,0,0,0
"ST04414","S041",2023,1,0,0,0
"ST04415","S041",2023,1,1,0,0
"ST04416","S041",2023,0,0,0,0
"ST04417","S041",2023,0,0,0,0
"ST04418","S041",2023,0,0,1,0
"ST04419","S041",2023,1,0,1,0
"ST04420","S041",2023,0,0,0,0
"ST04421","S041",2023,1,0,0,0
"ST04422","S041",2023,0,0,0,0
"ST04423","S041",2023,0,0,0,0
"ST04424","S041",2023,1,0,1,0
"ST04425","S041",2023,0,0,1,0
"ST04426","S041",2023,0,0,1,0
"ST04427","S041",2023,0,0,0,0
"ST04428","S041",2023,0,0,0,0
"ST04429","S041",2023,1,0,1,0
"ST04430","S041",2023,0,0,0,0
"ST04431","S041",2023,1,0,0,0
"ST04432","S041",2023,1,0,0,0
"ST04433","S041",2023,1,0,0,0
"ST04434","S041",2023,0,0,0,0
"ST04435","S041",2023,1,0,1,0
"ST04436","S041",2023,1,0,0,0
"ST04437","S041",2024,1,1,0,0
"ST04438","S041",2024,0,1,1,0
"ST04439","S041",2024,1,0,0,0
"ST04440","S041",2024,1,0,0,0
"ST04441","S041",2024,0,0,0,0
"ST04442","S041",2024,0,0,1,0
"ST04443","S041",2024,0,0,0,0
"ST04444","S041",2024,1,0,0,0
"ST04445","S041",2024,1,0,0,0
"ST04446","S041",2024,1,0,1,0
"ST04447","S041",2024,0,0,0,0
"ST04448","S041",2024,1,1,1,0
"ST04449","S041",2024,1,0,0,0
"ST04450","S041",2024,1,1,1,0
"ST04451","S041",2024,0,0,1,0
"ST04452","S041",2024,0,0,0,0
"ST04453","S041",2024,1,0,0,0
"ST04454","S041",2024,0,0,0,0
"ST04455","S041",2024,1,0,1,0
"ST04456","S041",2024,1,0,1,0
"ST04457","S041",2024,1,0,0,0
"ST04458","S041",2024,0,0,0,0
"ST04459","S041",2024,0,0,0,0
"ST04460","S041",2024,1,0,0,0
"ST04461","S041",2024,1,1,1,0
"ST04462","S041",2024,0,0,1,0
"ST04463","S041",2024,0,0,0,0
"ST04464","S041",2024,1,0,0,0
"ST04465","S041",2024,1,1,1,0
"ST04466","S041",2024,0,0,0,0
"ST04467","S041",2024,0,0,0,0
"ST04468","S041",2024,0,0,1,0
"ST04469","S041",2024,0,1,0,0
"ST04470","S041",2024,1,0,0,0
"ST04471","S041",2024,0,0,0,0
"ST04472","S041",2024,0,0,0,0
"ST04473","S041",2024,1,0,0,0
"ST04474","S041",2024,0,0,0,0
"ST04475","S041",2024,0,0,1,0
"ST04476","S041",2024,0,0,0,0
"ST04477","S041",2024,0,1,0,0
"ST04478","S041",2024,1,0,0,0
"ST04479","S041",2024,0,0,0,0
"ST04480","S041",2024,0,0,0,0
"ST04481","S041",2025,1,0,1,0
"ST04482","S041",2025,0,0,0,0
"ST04483","S041",2025,0,0,0,0
"ST04484","S041",2025,0,0,0,0
"ST04485","S041",2025,1,0,0,0
"ST04486","S041",2025,1,0,0,0
"ST04487","S041",2025,0,0,0,0
"ST04488","S041",2025,0,0,0,0
"ST04489","S041",2025,1,0,1,0
"ST04490","S041",2025,1,0,0,0
"ST04491","S041",2025,0,0,0,0
"ST04492","S041",2025,0,0,0,0
"ST04493","S041",2025,1,0,0,0
"ST04494","S041",2025,1,1,1,0
"ST04495","S041",2025,0,0,0,0
"ST04496","S041",2025,0,0,0,0
"ST04497","S041",2025,0,0,0,0
"ST04498","S041",2025,1,0,0,0
"ST04499","S041",2025,0,0,0,0
"ST04500","S041",2025,0,0,0,0
"ST04501","S041",2025,1,1,0,0
"ST04502","S041",2025,0,0,0,0
"ST04503","S041",2025,1,0,1,0
"ST04504","S041",2025,0,0,0,0
"ST04505","S041",2025,1,1,0,0
"ST04506","S041",2025,0,0,0,0
"ST04507","S041",2025,1,0,0,0
"ST04508","S041",2025,0,0,1,0
"ST04509","S041",2025,1,1,1,0
"ST04510","S041",2025,0,0,0,0
"ST04511","S041",2025,0,0,0,0
"ST04512","S041",2025,1,0,1,0
"ST04513","S041",2025,0,0,0,0
"ST04514","S041",2025,1,0,1,0
"ST04515","S041",2025,0,0,1,0
"ST04516","S041",2025,1,0,0,0
"ST04517","S042",2021,0,0,0,0
"ST04518","S042",2021,0,0,0,0
"ST04519","S042",2021,0,0,0,0
"ST04520","S042",2021,1,1,0,0
"ST04521","S042",2021,1,0,0,0
"ST04522","S042",2021,1,0,0,0
"ST04523","S042",2021,1,0,1,0
"ST04524","S042",2021,1,0,1,0
"ST04525","S042",2021,0,0,0,0
"ST04526","S042",2021,0,0,0,0
"ST04527","S042",2021,1,1,0,0
"ST04528","S042",2021,0,0,0,0
"ST04529","S042",2021,0,0,0,0
"ST04530","S042",2021,0,1,0,0
"ST04531","S042",2021,0,0,0,0
"ST04532","S042",2021,0,0,0,0
"ST04533","S042",2021,0,0,0,0
"ST04534","S042",2021,0,1,1,0
"ST04535","S042",2021,1,0,0,0
"ST04536","S042",2021,1,1,0,0
"ST04537","S042",2021,0,0,0,0
"ST04538","S042",2021,0,0,0,0
"ST04539","S042",2021,0,0,0,0
"ST04540","S042",2021,0,0,0,0
"ST04541","S042",2021,0,1,0,0
"ST04542","S042",2021,1,0,0,0
"ST04543","S042",2021,0,0,0,0
"ST04544","S042",2021,0,0,0,0
"ST04545","S042",2021,0,0,0,0
"ST04546","S042",2021,0,1,0,0
"ST04547","S042",2021,0,0,0,0
"ST04548","S042",2021,0,0,0,0
"ST04549","S042",2021,1,1,1,0
"ST04550","S042",2021,1,0,0,0
"ST04551","S042",2021,0,0,0,0
"ST04552","S042",2021,0,0,0,0
"ST04553","S042",2021,1,0,1,0
"ST04554","S042",2021,1,0,1,0
"ST04555","S042",2021,1,0,1,0
"ST04556","S042",2021,0,0,0,0
"ST04557","S042",2021,0,0,0,0
"ST04558","S042",2021,1,0,0,0
"ST04559","S042",2021,1,1,0,0
"ST04560","S042",2021,1,0,1,0
"ST04561","S042",2021,0,1,1,0
"ST04562","S042",2021,1,1,0,0
"ST04563","S042",2021,0,0,0,0
"ST04564","S042",2021,1,0,0,0
"ST04565","S042",2021,0,0,0,0
"ST04566","S042",2021,0,0,0,0
"ST04567","S042",2021,1,0,0,1
"ST04568","S042",2021,0,0,0,0
"ST04569","S042",2021,0,0,0,0
"ST04570","S042",2021,0,0,1,0
"ST04571","S042",2021,0,0,0,0
"ST04572","S042",2021,0,0,0,0
"ST04573","S042",2021,1,0,1,0
"ST04574","S042",2021,1,1,0,0
"ST04575","S042",2021,0,0,0,0
"ST04576","S042",2021,0,1,1,0
"ST04577","S042",2021,0,0,0,0
"ST04578","S042",2021,1,0,0,0
"ST04579","S042",2021,1,0,0,0
"ST04580","S042",2022,0,0,0,0
"ST04581","S042",2022,1,1,0,0
"ST04582","S042",2022,0,0,0,0
"ST04583","S042",2022,0,0,0,0
"ST04584","S042",2022,0,0,1,0
"ST04585","S042",2022,0,1,0,0
"ST04586","S042",2022,1,1,0,0
"ST04587","S042",2022,0,0,0,0
"ST04588","S042",2022,1,0,0,0
"ST04589","S042",2022,0,0,0,0
"ST04590","S042",2022,0,0,0,0
"ST04591","S042",2022,1,0,0,0
"ST04592","S042",2022,1,0,0,0
"ST04593","S042",2022,1,1,1,0
"ST04594","S042",2022,0,1,1,0
"ST04595","S042",2022,1,0,1,0
"ST04596","S042",2022,1,0,0,0
"ST04597","S042",2022,0,0,0,0
"ST04598","S042",2022,0,0,0,0
"ST04599","S042",2022,0,0,0,0
"ST04600","S042",2022,0,1,1,0
"ST04601","S042",2022,0,0,0,0
"ST04602","S042",2022,1,1,1,0
"ST04603","S042",2022,1,1,1,0
"ST04604","S042",2022,0,0,0,0
"ST04605","S042",2022,0,0,0,0
"ST04606","S042",2022,1,0,0,0
"ST04607","S042",2022,0,0,0,0
"ST04608","S042",2022,1,0,0,0
"ST04609","S042",2022,0,0,0,0
"ST04610","S042",2022,1,1,1,0
"ST04611","S042",2022,1,0,0,0
"ST04612","S042",2022,1,0,1,0
"ST04613","S042",2022,1,0,0,0
"ST04614","S042",2022,0,0,0,0
"ST04615","S042",2022,1,0,0,0
"ST04616","S042",2022,1,0,0,0
"ST04617","S042",2022,1,1,1,0
"ST04618","S042",2022,1,1,0,0
"ST04619","S042",2022,1,1,0,0
"ST04620","S042",2022,1,0,0,0
"ST04621","S042",2022,0,0,0,0
"ST04622","S042",2022,1,0,0,0
"ST04623","S042",2022,0,0,0,0
"ST04624","S042",2022,0,0,1,0
"ST04625","S042",2023,0,0,0,0
"ST04626","S042",2023,0,1,0,0
"ST04627","S042",2023,1,1,0,0
"ST04628","S042",2023,1,1,1,0
"ST04629","S042",2023,0,0,0,0
"ST04630","S042",2023,0,0,0,0
"ST04631","S042",2023,1,0,1,0
"ST04632","S042",2023,0,0,1,0
"ST04633","S042",2023,0,0,0,0
"ST04634","S042",2023,1,0,0,0
"ST04635","S042",2023,0,0,0,0
"ST04636","S042",2023,0,1,0,0
"ST04637","S042",2023,1,0,0,0
"ST04638","S042",2023,0,1,0,0
"ST04639","S042",2023,1,1,0,0
"ST04640","S042",2023,0,0,0,0
"ST04641","S042",2023,0,0,0,0
"ST04642","S042",2023,0,0,0,0
"ST04643","S042",2023,0,0,0,0
"ST04644","S042",2023,1,1,0,0
"ST04645","S042",2023,1,1,1,0
"ST04646","S042",2023,1,0,0,0
"ST04647","S042",2023,0,0,0,0
"ST04648","S042",2023,0,0,0,0
"ST04649","S042",2023,1,0,0,0
"ST04650","S042",2023,0,0,0,0
"ST04651","S042",2023,0,0,0,0
"ST04652","S042",2023,0,1,1,0
"ST04653","S042",2023,0,0,0,0
"ST04654","S042",2023,1,1,0,0
"ST04655","S042",2023,1,1,0,0
"ST04656","S042",2023,0,0,1,0
"ST04657","S042",2023,0,1,1,1
"ST04658","S042",2023,1,0,1,0
"ST04659","S042",2024,1,1,1,0
"ST04660","S042",2024,0,0,1,0
"ST04661","S042",2024,0,0,0,0
"ST04662","S042",2024,0,1,0,0
"ST04663","S042",2024,0,0,0,0
"ST04664","S042",2024,1,0,0,0
"ST04665","S042",2024,1,1,1,0
"ST04666","S042",2024,1,0,0,0
"ST04667","S042",2024,1,1,0,0
"ST04668","S042",2024,0,0,0,0
"ST04669","S042",2024,1,0,0,0
"ST04670","S042",2024,1,1,1,0
"ST04671","S042",2024,0,1,1,1
"ST04672","S042",2024,1,0,0,0
"ST04673","S042",2024,1,0,1,0
"ST04674","S042",2024,0,0,0,0
"ST04675","S042",2024,0,0,1,0
"ST04676","S042",2024,1,1,0,0
"ST04677","S042",2024,0,0,0,0
"ST04678","S042",2024,0,0,0,0
"ST04679","S042",2024,1,1,1,0
"ST04680","S042",2024,0,1,0,0
"ST04681","S042",2024,0,0,0,0
"ST04682","S042",2024,0,0,1,0
"ST04683","S042",2024,1,1,1,0
"ST04684","S042",2024,1,0,0,0
"ST04685","S042",2024,0,1,0,0
"ST04686","S042",2024,0,0,0,0
"ST04687","S042",2024,1,0,0,0
"ST04688","S042",2024,0,1,0,0
"ST04689","S042",2024,1,0,0,0
"ST04690","S042",2024,1,0,0,0
"ST04691","S042",2024,0,0,0,0
"ST04692","S042",2024,0,0,0,0
"ST04693","S042",2024,0,0,0,0
"ST04694","S042",2024,0,0,0,0
"ST04695","S042",2024,0,0,0,0
"ST04696","S042",2024,1,0,0,0
"ST04697","S042",2024,1,0,0,0
"ST04698","S042",2025,1,1,0,0
"ST04699","S042",2025,0,1,0,0
"ST04700","S042",2025,1,0,0,0
"ST04701","S042",2025,1,1,1,0
"ST04702","S042",2025,1,1,1,1
"ST04703","S042",2025,1,0,0,0
"ST04704","S042",2025,1,1,1,1
"ST04705","S042",2025,0,0,1,0
"ST04706","S042",2025,1,0,0,0
"ST04707","S042",2025,1,1,1,0
"ST04708","S042",2025,0,0,1,0
"ST04709","S042",2025,0,1,0,0
"ST04710","S042",2025,1,0,0,0
"ST04711","S042",2025,1,0,1,0
"ST04712","S042",2025,1,1,0,0
"ST04713","S042",2025,0,0,0,0
"ST04714","S042",2025,0,0,0,0
"ST04715","S042",2025,0,0,1,0
"ST04716","S042",2025,1,1,0,0
"ST04717","S042",2025,0,0,0,0
"ST04718","S042",2025,1,1,1,0
"ST04719","S042",2025,0,0,0,0
"ST04720","S042",2025,0,0,0,0
"ST04721","S042",2025,1,1,0,0
"ST04722","S042",2025,0,0,0,0
"ST04723","S042",2025,1,0,0,1
"ST04724","S042",2025,1,1,0,0
"ST04725","S042",2025,0,0,0,0
"ST04726","S042",2025,1,0,0,0
"ST04727","S042",2025,1,0,0,0
"ST04728","S042",2025,0,0,0,0
"ST04729","S042",2025,1,0,0,0
"ST04730","S042",2025,0,0,1,0
"ST04731","S042",2025,1,0,1,0
"ST04732","S042",2025,1,0,0,0
"ST04733","S042",2025,1,0,0,0
"ST04734","S042",2025,1,1,1,0
"ST04735","S042",2025,0,0,0,0
"ST04736","S042",2025,1,1,0,0
"ST04737","S043",2021,0,0,0,0
"ST04738","S043",2021,1,1,1,0
"ST04739","S043",2021,1,0,0,0
"ST04740","S043",2021,1,1,1,0
"ST04741","S043",2021,1,1,1,0
"ST04742","S043",2021,1,0,0,0
"ST04743","S043",2021,0,0,1,0
"ST04744","S043",2021,1,1,1,0
"ST04745","S043",2021,1,0,0,0
"ST04746","S043",2021,1,1,1,0
"ST04747","S043",2021,1,1,0,0
"ST04748","S043",2021,0,0,1,1
"ST04749","S043",2021,0,0,0,0
"ST04750","S043",2021,1,1,1,0
"ST04751","S043",2021,0,0,0,0
"ST04752","S043",2021,1,0,1,0
"ST04753","S043",2021,0,0,0,0
"ST04754","S043",2021,0,0,0,0
"ST04755","S043",2021,1,0,1,0
"ST04756","S043",2021,1,1,0,0
"ST04757","S043",2021,1,1,1,0
"ST04758","S043",2021,1,1,0,0
"ST04759","S043",2021,0,0,0,0
"ST04760","S043",2021,1,1,1,0
"ST04761","S043",2021,0,0,0,0
"ST04762","S043",2021,1,1,0,0
"ST04763","S043",2021,1,0,0,0
"ST04764","S043",2021,0,0,0,0
"ST04765","S043",2021,0,1,0,0
"ST04766","S043",2021,0,0,0,0
"ST04767","S043",2021,1,0,1,0
"ST04768","S043",2021,1,0,1,0
"ST04769","S043",2021,0,0,0,0
"ST04770","S043",2021,0,0,1,0
"ST04771","S043",2021,0,0,0,0
"ST04772","S043",2021,1,1,0,0
"ST04773","S043",2021,1,0,0,0
"ST04774","S043",2021,0,0,0,0
"ST04775","S043",2021,1,1,1,0
"ST04776","S043",2021,0,1,0,0
"ST04777","S043",2021,1,1,1,0
"ST04778","S043",2021,1,1,0,0
"ST04779","S043",2021,1,1,1,0
"ST04780","S043",2021,0,0,0,0
"ST04781","S043",2021,0,0,0,0
"ST04782","S043",2021,0,0,0,0
"ST04783","S043",2021,1,0,0,0
"ST04784","S043",2021,1,0,0,0
"ST04785","S043",2021,0,0,1,0
"ST04786","S043",2021,0,1,0,0
"ST04787","S043",2021,0,0,1,0
"ST04788","S043",2021,1,0,0,0
"ST04789","S043",2021,1,0,1,0
"ST04790","S043",2021,0,1,0,0
"ST04791","S043",2021,0,1,1,0
"ST04792","S043",2021,0,0,1,0
"ST04793","S043",2022,1,1,1,0
"ST04794","S043",2022,1,1,0,0
"ST04795","S043",2022,0,1,1,0
"ST04796","S043",2022,1,1,0,0
"ST04797","S043",2022,0,0,0,0
"ST04798","S043",2022,0,0,0,0
"ST04799","S043",2022,1,0,0,1
"ST04800","S043",2022,0,0,0,0
"ST04801","S043",2022,1,0,0,0
"ST04802","S043",2022,1,1,1,0
"ST04803","S043",2022,1,1,1,0
"ST04804","S043",2022,1,1,0,0
"ST04805","S043",2022,1,1,1,0
"ST04806","S043",2022,0,0,0,0
"ST04807","S043",2022,0,0,1,0
"ST04808","S043",2022,1,1,1,0
"ST04809","S043",2022,1,1,1,0
"ST04810","S043",2022,1,1,1,0
"ST04811","S043",2022,1,1,1,0
"ST04812","S043",2022,1,1,1,0
"ST04813","S043",2022,0,0,0,0
"ST04814","S043",2022,0,1,0,0
"ST04815","S043",2022,0,1,1,0
"ST04816","S043",2022,1,0,0,0
"ST04817","S043",2022,0,0,0,0
"ST04818","S043",2022,0,0,1,0
"ST04819","S043",2022,1,0,0,0
"ST04820","S043",2022,0,0,0,0
"ST04821","S043",2022,1,0,0,0
"ST04822","S043",2022,0,0,1,0
"ST04823","S043",2022,0,1,1,0
"ST04824","S043",2022,0,1,0,0
"ST04825","S043",2022,0,0,0,0
"ST04826","S043",2022,0,1,0,0
"ST04827","S043",2022,1,0,1,0
"ST04828","S043",2022,1,0,0,0
"ST04829","S043",2022,0,0,0,0
"ST04830","S043",2022,1,0,1,0
"ST04831","S043",2022,1,1,0,0
"ST04832","S043",2022,0,0,0,0
"ST04833","S043",2022,0,1,0,0
"ST04834","S043",2022,0,0,0,0
"ST04835","S043",2022,1,1,1,0
"ST04836","S043",2022,0,0,0,0
"ST04837","S043",2022,1,1,0,0
"ST04838","S043",2022,0,1,0,0
"ST04839","S043",2022,1,0,1,0
"ST04840","S043",2023,1,0,0,0
"ST04841","S043",2023,0,0,0,0
"ST04842","S043",2023,1,1,0,0
"ST04843","S043",2023,1,0,0,0
"ST04844","S043",2023,0,0,0,0
"ST04845","S043",2023,0,0,0,0
"ST04846","S043",2023,0,1,1,0
"ST04847","S043",2023,1,1,1,0
"ST04848","S043",2023,1,0,0,0
"ST04849","S043",2023,0,0,0,0
"ST04850","S043",2023,0,0,0,0
"ST04851","S043",2023,1,0,0,0
"ST04852","S043",2023,0,0,0,0
"ST04853","S043",2023,1,1,1,0
"ST04854","S043",2023,1,0,1,0
"ST04855","S043",2023,1,1,1,0
"ST04856","S043",2023,1,0,0,0
"ST04857","S043",2023,1,0,1,0
"ST04858","S043",2023,1,0,1,0
"ST04859","S043",2023,0,0,0,0
"ST04860","S043",2023,1,1,1,1
"ST04861","S043",2023,1,0,0,0
"ST04862","S043",2023,1,1,0,0
"ST04863","S043",2023,1,0,0,0
"ST04864","S043",2023,0,0,0,0
"ST04865","S043",2023,1,1,1,0
"ST04866","S043",2023,0,0,0,0
"ST04867","S043",2023,1,0,0,0
"ST04868","S043",2023,0,1,1,0
"ST04869","S043",2023,1,1,0,0
"ST04870","S043",2023,0,0,0,0
"ST04871","S043",2023,0,1,0,0
"ST04872","S043",2023,0,1,1,0
"ST04873","S043",2023,1,1,0,0
"ST04874","S043",2023,0,0,1,0
"ST04875","S043",2023,1,1,1,0
"ST04876","S043",2023,1,1,1,0
"ST04877","S043",2023,1,0,1,0
"ST04878","S043",2023,1,0,0,0
"ST04879","S043",2023,1,1,1,0
"ST04880","S043",2023,1,1,0,0
"ST04881","S043",2023,0,0,0,0
"ST04882","S043",2023,1,1,0,0
"ST04883","S043",2023,1,1,1,0
"ST04884","S043",2023,0,0,0,0
"ST04885","S043",2023,0,0,0,0
"ST04886","S043",2023,0,0,0,0
"ST04887","S043",2023,1,1,1,0
"ST04888","S043",2023,0,0,1,0
"ST04889","S043",2023,1,1,1,0
"ST04890","S043",2023,0,0,0,0
"ST04891","S043",2023,1,0,0,0
"ST04892","S043",2023,0,0,0,0
"ST04893","S043",2023,1,1,1,0
"ST04894","S043",2023,0,0,0,0
"ST04895","S043",2023,1,1,1,0
"ST04896","S043",2023,1,1,1,0
"ST04897","S043",2023,1,0,0,0
"ST04898","S043",2023,1,1,1,0
"ST04899","S043",2024,0,0,0,0
"ST04900","S043",2024,1,1,1,0
"ST04901","S043",2024,0,0,1,0
"ST04902","S043",2024,1,1,1,0
"ST04903","S043",2024,1,0,1,0
"ST04904","S043",2024,0,0,0,0
"ST04905","S043",2024,1,0,1,0
"ST04906","S043",2024,1,1,1,0
"ST04907","S043",2024,1,1,0,0
"ST04908","S043",2024,1,0,1,0
"ST04909","S043",2024,0,0,0,0
"ST04910","S043",2024,0,0,0,0
"ST04911","S043",2024,0,0,0,0
"ST04912","S043",2024,1,1,0,0
"ST04913","S043",2024,1,1,0,0
"ST04914","S043",2024,0,1,1,0
"ST04915","S043",2024,0,0,0,0
"ST04916","S043",2024,1,1,1,0
"ST04917","S043",2024,1,0,1,0
"ST04918","S043",2024,1,0,0,0
"ST04919","S043",2024,0,1,0,0
"ST04920","S043",2024,1,0,0,0
"ST04921","S043",2024,0,0,0,0
"ST04922","S043",2024,0,1,0,0
"ST04923","S043",2024,0,0,0,0
"ST04924","S043",2024,0,0,0,0
"ST04925","S043",2024,1,1,1,0
"ST04926","S043",2024,1,0,0,0
"ST04927","S043",2024,0,0,0,0
"ST04928","S043",2024,0,0,0,0
"ST04929","S043",2024,1,0,1,0
"ST04930","S043",2024,0,1,1,0
"ST04931","S043",2024,1,1,1,0
"ST04932","S043",2024,0,0,0,0
"ST04933","S043",2024,1,1,1,0
"ST04934","S043",2024,1,1,1,0
"ST04935","S043",2024,1,0,0,0
"ST04936","S043",2024,0,0,1,0
"ST04937","S043",2024,1,1,0,0
"ST04938","S043",2024,1,0,0,0
"ST04939","S043",2024,0,0,0,0
"ST04940","S043",2024,0,0,0,0
"ST04941","S043",2024,1,0,0,0
"ST04942","S043",2024,1,0,0,0
"ST04943","S043",2024,1,1,1,0
"ST04944","S043",2024,0,0,1,0
"ST04945","S043",2024,1,1,0,0
"ST04946","S043",2024,1,0,0,0
"ST04947","S043",2024,0,1,0,0
"ST04948","S043",2024,0,0,1,0
"ST04949","S043",2024,0,0,0,0
"ST04950","S043",2025,1,0,0,0
"ST04951","S043",2025,0,0,1,0
"ST04952","S043",2025,0,0,0,0
"ST04953","S043",2025,0,0,0,0
"ST04954","S043",2025,0,0,1,0
"ST04955","S043",2025,0,0,0,0
"ST04956","S043",2025,1,0,1,0
"ST04957","S043",2025,1,1,0,0
"ST04958","S043",2025,1,0,0,0
"ST04959","S043",2025,0,0,0,0
"ST04960","S043",2025,1,0,1,0
"ST04961","S043",2025,1,1,1,0
"ST04962","S043",2025,1,1,0,0
"ST04963","S043",2025,1,0,0,0
"ST04964","S043",2025,1,0,0,0
"ST04965","S043",2025,0,0,1,0
"ST04966","S043",2025,0,0,0,0
"ST04967","S043",2025,1,1,1,0
"ST04968","S043",2025,0,1,1,0
"ST04969","S043",2025,1,0,0,0
"ST04970","S043",2025,1,1,0,0
"ST04971","S043",2025,0,0,0,0
"ST04972","S043",2025,0,0,0,0
"ST04973","S043",2025,1,1,1,1
"ST04974","S043",2025,0,0,0,0
"ST04975","S043",2025,0,1,1,0
"ST04976","S043",2025,1,0,1,0
"ST04977","S043",2025,1,1,1,0
"ST04978","S043",2025,1,0,1,0
"ST04979","S043",2025,1,1,1,0
"ST04980","S043",2025,1,0,0,0
"ST04981","S043",2025,1,1,1,0
"ST04982","S043",2025,1,0,0,0
"ST04983","S043",2025,1,0,1,0
"ST04984","S043",2025,1,1,0,0
"ST04985","S043",2025,1,0,0,0
"ST04986","S043",2025,1,0,1,0
"ST04987","S043",2025,1,1,1,0
"ST04988","S043",2025,1,1,1,0
"ST04989","S043",2025,1,1,0,0
"ST04990","S043",2025,1,1,0,0
"ST04991","S043",2025,1,1,1,0
"ST04992","S043",2025,0,1,1,0
"ST04993","S043",2025,1,0,0,1
"ST04994","S043",2025,1,0,1,0
"ST04995","S043",2025,1,1,0,0
"ST04996","S043",2025,0,0,0,0
"ST04997","S043",2025,1,0,0,0
"ST04998","S043",2025,1,1,1,0
"ST04999","S043",2025,0,1,0,0
"ST05000","S043",2025,1,0,0,0
"ST05001","S043",2025,1,0,1,0
"ST05002","S043",2025,0,0,0,0
"ST05003","S043",2025,1,0,0,0
"ST05004","S043",2025,1,0,0,0
"ST05005","S043",2025,0,0,0,0
"ST05006","S043",2025,1,0,0,0
"ST05007","S043",2025,0,1,0,0
"ST05008","S044",2021,1,0,0,0
"ST05009","S044",2021,0,0,0,0
"ST05010","S044",2021,0,0,0,0
"ST05011","S044",2021,0,0,0,0
"ST05012","S044",2021,0,0,0,0
"ST05013","S044",2021,1,0,0,0
"ST05014","S044",2021,1,0,0,0
"ST05015","S044",2021,0,0,0,0
"ST05016","S044",2021,0,0,0,0
"ST05017","S044",2021,0,0,0,0
"ST05018","S044",2021,0,0,0,0
"ST05019","S044",2021,0,0,0,0
"ST05020","S044",2021,1,1,1,0
"ST05021","S044",2021,1,0,1,0
"ST05022","S044",2021,0,0,0,0
"ST05023","S044",2021,1,0,0,0
"ST05024","S044",2021,1,1,0,0
"ST05025","S044",2021,1,1,0,0
"ST05026","S044",2021,0,0,0,0
"ST05027","S044",2021,1,1,1,0
"ST05028","S044",2021,0,0,0,0
"ST05029","S044",2021,1,1,1,0
"ST05030","S044",2021,1,0,0,0
"ST05031","S044",2021,1,1,0,0
"ST05032","S044",2021,0,0,0,0
"ST05033","S044",2021,0,1,1,0
"ST05034","S044",2021,1,1,0,0
"ST05035","S044",2021,0,0,1,0
"ST05036","S044",2021,0,1,0,0
"ST05037","S044",2021,0,0,1,0
"ST05038","S044",2021,0,1,0,0
"ST05039","S044",2021,1,0,1,0
"ST05040","S044",2021,0,0,0,0
"ST05041","S044",2021,0,0,0,0
"ST05042","S044",2021,1,1,0,0
"ST05043","S044",2021,0,0,0,0
"ST05044","S044",2021,1,0,0,0
"ST05045","S044",2021,1,1,0,0
"ST05046","S044",2021,1,0,0,0
"ST05047","S044",2021,1,0,0,0
"ST05048","S044",2021,1,0,0,0
"ST05049","S044",2021,0,0,0,0
"ST05050","S044",2021,0,1,0,0
"ST05051","S044",2021,0,1,0,0
"ST05052","S044",2021,0,0,0,0
"ST05053","S044",2021,1,1,0,0
"ST05054","S044",2021,1,1,0,0
"ST05055","S044",2021,0,0,0,0
"ST05056","S044",2021,0,0,0,0
"ST05057","S044",2021,1,1,0,0
"ST05058","S044",2021,0,0,0,0
"ST05059","S044",2021,1,1,0,0
"ST05060","S044",2021,0,1,0,0
"ST05061","S044",2021,1,1,1,0
"ST05062","S044",2021,1,1,1,0
"ST05063","S044",2022,0,0,0,0
"ST05064","S044",2022,0,0,0,0
"ST05065","S044",2022,1,0,0,0
"ST05066","S044",2022,0,0,0,0
"ST05067","S044",2022,1,1,1,0
"ST05068","S044",2022,0,0,0,0
"ST05069","S044",2022,1,0,0,1
"ST05070","S044",2022,1,1,0,1
"ST05071","S044",2022,0,0,0,0
"ST05072","S044",2022,1,1,1,0
"ST05073","S044",2022,0,0,1,0
"ST05074","S044",2022,0,0,0,0
"ST05075","S044",2022,0,0,0,0
"ST05076","S044",2022,0,0,0,0
"ST05077","S044",2022,0,0,0,0
"ST05078","S044",2022,0,0,0,0
"ST05079","S044",2022,0,0,0,0
"ST05080","S044",2022,1,1,0,0
"ST05081","S044",2022,1,1,0,0
"ST05082","S044",2022,0,0,0,0
"ST05083","S044",2022,0,0,0,0
"ST05084","S044",2022,1,1,0,0
"ST05085","S044",2022,1,0,0,0
"ST05086","S044",2022,1,1,0,0
"ST05087","S044",2022,1,0,0,0
"ST05088","S044",2022,1,0,0,0
"ST05089","S044",2022,0,1,0,0
"ST05090","S044",2022,0,0,0,0
"ST05091","S044",2022,0,0,0,0
"ST05092","S044",2022,0,0,0,0
"ST05093","S044",2022,1,0,0,0
"ST05094","S044",2022,1,1,1,0
"ST05095","S044",2022,1,1,1,0
"ST05096","S044",2022,0,0,0,0
"ST05097","S044",2022,0,0,0,0
"ST05098","S044",2022,0,1,0,0
"ST05099","S044",2022,1,0,1,0
"ST05100","S044",2022,1,0,0,0
"ST05101","S044",2022,0,0,0,0
"ST05102","S044",2022,1,0,0,0
"ST05103","S044",2022,1,0,0,0
"ST05104","S044",2022,1,0,0,0
"ST05105","S044",2022,0,0,1,0
"ST05106","S044",2022,0,0,0,0
"ST05107","S044",2022,0,0,0,0
"ST05108","S044",2022,1,0,0,0
"ST05109","S044",2022,1,1,0,0
"ST05110","S044",2023,1,1,0,0
"ST05111","S044",2023,0,0,0,0
"ST05112","S044",2023,1,0,0,0
"ST05113","S044",2023,1,0,1,0
"ST05114","S044",2023,0,1,0,0
"ST05115","S044",2023,0,0,1,0
"ST05116","S044",2023,1,0,0,0
"ST05117","S044",2023,1,0,0,0
"ST05118","S044",2023,1,0,0,0
"ST05119","S044",2023,1,0,1,0
"ST05120","S044",2023,0,0,0,0
"ST05121","S044",2023,0,0,0,0
"ST05122","S044",2023,0,0,0,0
"ST05123","S044",2023,1,0,0,0
"ST05124","S044",2023,1,1,0,0
"ST05125","S044",2023,0,1,0,0
"ST05126","S044",2023,1,1,1,0
"ST05127","S044",2023,0,1,1,0
"ST05128","S044",2023,0,0,0,0
"ST05129","S044",2023,1,1,0,0
"ST05130","S044",2023,0,0,0,0
"ST05131","S044",2023,0,0,0,0
"ST05132","S044",2023,0,0,0,0
"ST05133","S044",2023,0,0,0,0
"ST05134","S044",2023,1,1,0,0
"ST05135","S044",2023,0,0,0,0
"ST05136","S044",2023,1,0,0,0
"ST05137","S044",2023,0,0,0,0
"ST05138","S044",2023,0,0,0,0
"ST05139","S044",2023,0,0,0,0
"ST05140","S044",2023,1,1,0,0
"ST05141","S044",2023,0,0,0,0
"ST05142","S044",2023,1,1,0,0
"ST05143","S044",2023,1,0,0,0
"ST05144","S044",2023,0,0,0,0
"ST05145","S044",2023,1,0,1,0
"ST05146","S044",2023,0,0,0,0
"ST05147","S044",2023,1,0,0,0
"ST05148","S044",2023,0,1,0,0
"ST05149","S044",2023,1,1,1,0
"ST05150","S044",2023,1,1,0,0
"ST05151","S044",2023,0,0,0,0
"ST05152","S044",2023,0,0,0,0
"ST05153","S044",2023,1,0,0,0
"ST05154","S044",2023,1,0,0,0
"ST05155","S044",2023,0,0,0,0
"ST05156","S044",2023,0,0,0,0
"ST05157","S044",2023,1,0,0,0
"ST05158","S044",2023,1,0,0,0
"ST05159","S044",2023,0,0,0,0
"ST05160","S044",2023,1,0,0,0
"ST05161","S044",2023,1,0,0,0
"ST05162","S044",2023,1,0,0,0
"ST05163","S044",2023,0,0,0,0
"ST05164","S044",2023,0,1,0,0
"ST05165","S044",2023,1,1,0,0
"ST05166","S044",2023,1,1,1,0
"ST05167","S044",2023,0,0,0,0
"ST05168","S044",2023,0,0,0,0
"ST05169","S044",2023,1,0,1,0
"ST05170","S044",2024,0,0,0,0
"ST05171","S044",2024,1,1,0,0
"ST05172","S044",2024,1,0,0,0
"ST05173","S044",2024,0,0,1,0
"ST05174","S044",2024,0,0,0,0
"ST05175","S044",2024,0,0,0,0
"ST05176","S044",2024,0,0,1,0
"ST05177","S044",2024,1,0,0,0
"ST05178","S044",2024,1,0,1,0
"ST05179","S044",2024,0,1,0,0
"ST05180","S044",2024,1,0,0,0
"ST05181","S044",2024,0,0,0,0
"ST05182","S044",2024,0,0,0,0
"ST05183","S044",2024,1,0,0,0
"ST05184","S044",2024,0,0,0,0
"ST05185","S044",2024,0,0,0,0
"ST05186","S044",2024,1,0,0,0
"ST05187","S044",2024,1,0,0,0
"ST05188","S044",2024,1,0,0,0
"ST05189","S044",2024,0,0,0,0
"ST05190","S044",2024,0,0,0,0
"ST05191","S044",2024,1,1,0,0
"ST05192","S044",2024,0,0,0,0
"ST05193","S044",2024,1,0,0,0
"ST05194","S044",2024,1,0,0,0
"ST05195","S044",2024,1,0,0,0
"ST05196","S044",2024,0,0,0,0
"ST05197","S044",2024,0,0,0,0
"ST05198","S044",2024,1,0,0,0
"ST05199","S044",2024,1,0,0,0
"ST05200","S044",2024,1,0,0,0
"ST05201","S044",2024,1,0,0,0
"ST05202","S044",2024,1,0,0,0
"ST05203","S044",2024,1,0,0,0
"ST05204","S044",2024,0,1,0,0
"ST05205","S044",2024,1,0,0,0
"ST05206","S044",2024,0,0,0,0
"ST05207","S044",2024,1,1,0,0
"ST05208","S044",2024,1,1,1,0
"ST05209","S044",2024,1,0,0,0
"ST05210","S044",2024,0,0,0,0
"ST05211","S044",2024,1,1,0,0
"ST05212","S044",2024,1,1,1,0
"ST05213","S044",2024,1,0,0,0
"ST05214","S044",2024,1,0,0,0
"ST05215","S044",2024,0,0,1,0
"ST05216","S044",2024,0,1,1,0
"ST05217","S044",2024,1,0,0,0
"ST05218","S044",2024,1,0,0,0
"ST05219","S044",2024,1,0,0,0
"ST05220","S044",2024,1,0,0,0
"ST05221","S044",2024,0,0,0,0
"ST05222","S044",2024,1,0,0,0
"ST05223","S044",2024,1,0,0,0
"ST05224","S044",2024,0,0,0,0
"ST05225","S044",2024,0,0,0,0
"ST05226","S044",2024,0,0,0,0
"ST05227","S044",2024,0,0,0,0
"ST05228","S044",2024,1,1,0,0
"ST05229","S044",2024,0,0,0,0
"ST05230","S044",2024,1,1,0,0
"ST05231","S044",2024,0,0,0,0
"ST05232","S044",2024,1,1,0,0
"ST05233","S044",2024,1,0,0,0
"ST05234","S044",2024,1,0,0,0
"ST05235","S044",2024,0,0,0,0
"ST05236","S044",2024,1,0,0,0
"ST05237","S044",2024,0,1,0,0
"ST05238","S044",2024,0,1,0,0
"ST05239","S044",2024,1,0,0,0
"ST05240","S044",2024,0,0,0,0
"ST05241","S044",2024,1,0,0,0
"ST05242","S044",2024,0,0,0,0
"ST05243","S044",2025,0,0,0,0
"ST05244","S044",2025,0,1,0,0
"ST05245","S044",2025,1,0,0,0
"ST05246","S044",2025,0,0,0,0
"ST05247","S044",2025,0,0,1,0
"ST05248","S044",2025,1,0,0,0
"ST05249","S044",2025,0,1,0,0
"ST05250","S044",2025,1,0,0,0
"ST05251","S044",2025,0,0,0,0
"ST05252","S044",2025,0,0,0,0
"ST05253","S044",2025,0,1,0,0
"ST05254","S044",2025,0,0,0,0
"ST05255","S044",2025,0,0,0,0
"ST05256","S044",2025,1,0,0,0
"ST05257","S044",2025,0,0,0,0
"ST05258","S044",2025,1,0,0,0
"ST05259","S044",2025,1,0,0,0
"ST05260","S044",2025,0,0,0,0
"ST05261","S044",2025,0,0,0,0
"ST05262","S044",2025,1,0,1,0
"ST05263","S044",2025,0,0,0,0
"ST05264","S044",2025,0,0,1,0
"ST05265","S044",2025,0,0,0,0
"ST05266","S044",2025,0,0,0,0
"ST05267","S044",2025,1,0,0,0
"ST05268","S044",2025,1,0,0,0
"ST05269","S044",2025,0,0,0,0
"ST05270","S044",2025,0,1,0,0
"ST05271","S044",2025,1,0,0,0
"ST05272","S044",2025,1,1,0,0
"ST05273","S044",2025,0,0,0,0
"ST05274","S044",2025,0,0,0,0
"ST05275","S044",2025,0,0,0,0
"ST05276","S044",2025,0,0,0,0
"ST05277","S044",2025,1,1,0,0
"ST05278","S044",2025,0,0,0,0
"ST05279","S044",2025,1,1,0,0
"ST05280","S044",2025,0,1,0,0
"ST05281","S044",2025,1,0,1,0
"ST05282","S044",2025,0,0,0,0
"ST05283","S044",2025,1,0,0,0
"ST05284","S044",2025,0,0,0,0
"ST05285","S044",2025,1,0,0,0
"ST05286","S044",2025,0,0,0,0
"ST05287","S044",2025,1,1,0,0
"ST05288","S044",2025,0,0,0,0
"ST05289","S044",2025,0,0,0,0
"ST05290","S044",2025,1,0,0,0
"ST05291","S044",2025,0,0,0,0
"ST05292","S044",2025,0,0,0,0
"ST05293","S044",2025,0,0,0,0
"ST05294","S044",2025,0,1,0,0
"ST05295","S044",2025,0,0,0,0
"ST05296","S044",2025,0,1,0,0
"ST05297","S044",2025,1,1,0,0
"ST05298","S044",2025,1,0,0,0
"ST05299","S044",2025,0,1,0,0
"ST05300","S044",2025,0,0,0,0
"ST05301","S044",2025,1,0,0,0
"ST05302","S044",2025,1,0,0,0
"ST05303","S044",2025,1,1,1,0
"ST05304","S044",2025,1,1,0,0
"ST05305","S044",2025,1,1,0,0
"ST05306","S044",2025,1,1,0,0
"ST05307","S044",2025,1,1,0,0
"ST05308","S044",2025,0,1,0,0
"ST05309","S044",2025,1,0,0,0
"ST05310","S044",2025,0,0,0,0
"ST05311","S044",2025,0,0,0,0
"ST05312","S044",2025,0,0,0,0
"ST05313","S044",2025,0,0,0,0
"ST05314","S044",2025,0,0,0,0
"ST05315","S044",2025,1,0,1,0
"ST05316","S044",2025,0,1,0,0
"ST05317","S044",2025,1,0,0,0
"ST05318","S045",2021,1,0,0,0
"ST05319","S045",2021,1,1,1,0
"ST05320","S045",2021,1,1,0,0
"ST05321","S045",2021,1,0,1,0
"ST05322","S045",2021,1,1,1,0
"ST05323","S045",2021,0,1,1,0
"ST05324","S045",2021,1,1,1,0
"ST05325","S045",2021,1,0,1,0
"ST05326","S045",2021,1,1,1,0
"ST05327","S045",2021,1,0,0,0
"ST05328","S045",2021,0,0,1,0
"ST05329","S045",2021,1,1,1,0
"ST05330","S045",2021,1,1,1,0
"ST05331","S045",2021,0,1,1,0
"ST05332","S045",2021,0,0,1,0
"ST05333","S045",2021,0,1,0,0
"ST05334","S045",2021,0,0,0,0
"ST05335","S045",2021,1,0,0,0
"ST05336","S045",2021,0,1,1,0
"ST05337","S045",2021,1,0,0,0
"ST05338","S045",2021,0,0,0,0
"ST05339","S045",2021,0,1,0,0
"ST05340","S045",2021,1,1,1,0
"ST05341","S045",2021,1,1,1,0
"ST05342","S045",2021,1,0,1,0
"ST05343","S045",2021,1,0,0,0
"ST05344","S045",2021,1,1,1,0
"ST05345","S045",2021,0,0,0,0
"ST05346","S045",2021,1,1,0,0
"ST05347","S045",2021,0,1,0,0
"ST05348","S045",2021,1,1,1,0
"ST05349","S045",2021,1,1,0,0
"ST05350","S045",2021,0,0,0,0
"ST05351","S045",2021,0,0,0,0
"ST05352","S045",2021,1,1,0,0
"ST05353","S045",2021,1,1,1,0
"ST05354","S045",2021,0,0,1,0
"ST05355","S045",2021,1,0,0,0
"ST05356","S045",2021,1,1,1,0
"ST05357","S045",2021,0,1,0,0
"ST05358","S045",2021,0,1,1,1
"ST05359","S045",2021,0,1,0,0
"ST05360","S045",2021,1,1,0,0
"ST05361","S045",2021,0,1,0,0
"ST05362","S045",2021,0,1,1,0
"ST05363","S045",2021,0,0,0,0
"ST05364","S045",2021,0,0,0,0
"ST05365","S045",2021,1,1,0,0
"ST05366","S045",2021,0,0,1,0
"ST05367","S045",2021,0,0,1,0
"ST05368","S045",2021,1,0,0,0
"ST05369","S045",2021,1,1,0,0
"ST05370","S045",2021,1,1,0,0
"ST05371","S045",2021,1,1,1,0
"ST05372","S045",2021,1,0,0,0
"ST05373","S045",2021,0,1,1,0
"ST05374","S045",2021,0,0,1,0
"ST05375","S045",2021,1,1,0,0
"ST05376","S045",2021,1,1,1,0
"ST05377","S045",2021,1,1,1,0
"ST05378","S045",2022,0,0,1,0
"ST05379","S045",2022,1,1,0,0
"ST05380","S045",2022,0,1,0,0
"ST05381","S045",2022,1,1,0,0
"ST05382","S045",2022,0,1,0,0
"ST05383","S045",2022,0,1,0,0
"ST05384","S045",2022,1,0,0,0
"ST05385","S045",2022,1,1,1,0
"ST05386","S045",2022,0,1,1,0
"ST05387","S045",2022,1,1,0,0
"ST05388","S045",2022,1,1,0,0
"ST05389","S045",2022,1,0,1,0
"ST05390","S045",2022,1,1,1,0
"ST05391","S045",2022,0,1,0,0
"ST05392","S045",2022,1,0,1,0
"ST05393","S045",2022,1,1,0,0
"ST05394","S045",2022,0,1,0,0
"ST05395","S045",2022,1,1,0,0
"ST05396","S045",2022,1,1,1,0
"ST05397","S045",2022,1,1,1,0
"ST05398","S045",2022,0,0,0,0
"ST05399","S045",2022,1,1,1,0
"ST05400","S045",2022,1,1,0,0
"ST05401","S045",2022,0,0,0,0
"ST05402","S045",2022,1,1,0,0
"ST05403","S045",2022,0,0,0,0
"ST05404","S045",2022,0,0,0,0
"ST05405","S045",2022,0,0,0,0
"ST05406","S045",2022,0,0,1,0
"ST05407","S045",2022,1,0,0,0
"ST05408","S045",2022,0,0,0,0
"ST05409","S045",2022,1,0,1,0
"ST05410","S045",2022,1,1,1,0
"ST05411","S045",2022,0,1,0,0
"ST05412","S045",2022,1,1,0,0
"ST05413","S045",2022,1,1,1,0
"ST05414","S045",2022,0,0,1,0
"ST05415","S045",2022,0,0,0,0
"ST05416","S045",2022,0,0,0,0
"ST05417","S045",2022,0,0,0,0
"ST05418","S045",2022,1,1,0,0
"ST05419","S045",2022,0,0,0,0
"ST05420","S045",2022,1,1,1,0
"ST05421","S045",2022,1,1,1,0
"ST05422","S045",2022,0,1,0,0
"ST05423","S045",2022,0,0,0,0
"ST05424","S045",2022,0,0,0,0
"ST05425","S045",2022,0,1,1,0
"ST05426","S045",2022,0,0,0,0
"ST05427","S045",2023,0,0,0,0
"ST05428","S045",2023,1,0,0,0
"ST05429","S045",2023,1,1,0,1
"ST05430","S045",2023,0,1,0,0
"ST05431","S045",2023,1,1,1,0
"ST05432","S045",2023,0,1,1,0
"ST05433","S045",2023,0,0,0,0
"ST05434","S045",2023,0,0,0,0
"ST05435","S045",2023,0,1,0,1
"ST05436","S045",2023,1,0,0,0
"ST05437","S045",2023,1,1,1,0
"ST05438","S045",2023,0,1,1,0
"ST05439","S045",2023,0,0,1,0
"ST05440","S045",2023,0,0,0,0
"ST05441","S045",2023,0,1,1,0
"ST05442","S045",2023,1,0,0,0
"ST05443","S045",2023,0,0,1,0
"ST05444","S045",2023,0,0,0,0
"ST05445","S045",2023,1,0,0,0
"ST05446","S045",2023,1,0,1,0
"ST05447","S045",2023,1,1,0,0
"ST05448","S045",2023,0,0,0,0
"ST05449","S045",2023,0,0,0,0
"ST05450","S045",2023,0,1,0,0
"ST05451","S045",2023,0,1,0,0
"ST05452","S045",2023,0,0,1,0
"ST05453","S045",2023,1,1,0,0
"ST05454","S045",2023,0,1,0,0
"ST05455","S045",2023,1,0,1,0
"ST05456","S045",2023,0,0,0,0
"ST05457","S045",2023,1,1,0,0
"ST05458","S045",2023,1,1,0,0
"ST05459","S045",2023,0,1,0,0
"ST05460","S045",2023,0,1,1,0
"ST05461","S045",2023,0,1,1,0
"ST05462","S045",2023,0,1,1,0
"ST05463","S045",2023,0,0,0,0
"ST05464","S045",2023,1,0,0,0
"ST05465","S045",2023,0,0,0,0
"ST05466","S045",2023,1,1,1,0
"ST05467","S045",2023,0,0,0,0
"ST05468","S045",2023,1,0,0,0
"ST05469","S045",2023,0,0,0,0
"ST05470","S045",2023,1,0,0,0
"ST05471","S045",2023,1,1,1,0
"ST05472","S045",2023,0,1,0,0
"ST05473","S045",2023,0,0,0,0
"ST05474","S045",2023,0,1,0,0
"ST05475","S045",2023,1,1,1,0
"ST05476","S045",2023,0,1,0,0
"ST05477","S045",2023,1,0,0,0
"ST05478","S045",2023,1,1,1,0
"ST05479","S045",2023,1,1,1,1
"ST05480","S045",2024,0,1,1,0
"ST05481","S045",2024,0,1,0,0
"ST05482","S045",2024,0,0,0,0
"ST05483","S045",2024,1,1,0,0
"ST05484","S045",2024,0,1,1,0
"ST05485","S045",2024,1,1,1,0
"ST05486","S045",2024,1,0,0,0
"ST05487","S045",2024,0,0,0,0
"ST05488","S045",2024,1,1,0,0
"ST05489","S045",2024,0,1,1,0
"ST05490","S045",2024,0,0,1,0
"ST05491","S045",2024,1,0,0,0
"ST05492","S045",2024,0,1,1,0
"ST05493","S045",2024,0,1,0,0
"ST05494","S045",2024,1,0,0,0
"ST05495","S045",2024,0,0,1,0
"ST05496","S045",2024,0,0,1,0
"ST05497","S045",2024,0,0,0,0
"ST05498","S045",2024,0,0,0,0
"ST05499","S045",2024,1,1,0,0
"ST05500","S045",2024,0,0,0,0
"ST05501","S045",2024,0,0,0,0
"ST05502","S045",2024,0,0,1,0
"ST05503","S045",2024,0,0,0,0
"ST05504","S045",2024,0,0,1,0
"ST05505","S045",2024,0,0,0,0
"ST05506","S045",2024,1,0,1,0
"ST05507","S045",2024,1,0,0,0
"ST05508","S045",2024,1,0,0,0
"ST05509","S045",2024,1,1,1,0
"ST05510","S045",2024,0,0,0,0
"ST05511","S045",2024,0,0,0,0
"ST05512","S045",2024,1,1,0,0
"ST05513","S045",2024,0,0,0,0
"ST05514","S045",2024,1,0,1,0
"ST05515","S045",2024,0,0,0,0
"ST05516","S045",2024,1,0,0,0
"ST05517","S045",2024,0,1,0,0
"ST05518","S045",2024,0,0,0,0
"ST05519","S045",2024,1,1,0,0
"ST05520","S045",2024,1,0,1,0
"ST05521","S045",2024,1,1,0,0
"ST05522","S045",2024,0,1,1,0
"ST05523","S045",2024,1,1,1,0
"ST05524","S045",2024,0,0,0,0
"ST05525","S045",2024,1,0,1,0
"ST05526","S045",2024,0,0,0,0
"ST05527","S045",2024,1,0,1,0
"ST05528","S045",2024,1,1,0,0
"ST05529","S045",2024,1,1,1,0
"ST05530","S045",2024,0,1,0,0
"ST05531","S045",2024,0,0,0,1
"ST05532","S045",2024,0,0,0,0
"ST05533","S045",2024,1,1,1,0
"ST05534","S045",2024,1,1,1,0
"ST05535","S045",2024,0,0,1,0
"ST05536","S045",2024,1,1,0,0
"ST05537","S045",2024,0,0,0,0
"ST05538","S045",2025,1,1,0,0
"ST05539","S045",2025,0,0,0,0
"ST05540","S045",2025,1,0,0,0
"ST05541","S045",2025,0,0,0,0
"ST05542","S045",2025,1,1,0,0
"ST05543","S045",2025,1,1,0,0
"ST05544","S045",2025,0,1,0,0
"ST05545","S045",2025,0,0,0,0
"ST05546","S045",2025,0,1,1,0
"ST05547","S045",2025,0,1,0,0
"ST05548","S045",2025,1,1,1,0
"ST05549","S045",2025,1,1,0,0
"ST05550","S045",2025,1,1,1,0
"ST05551","S045",2025,0,0,1,0
"ST05552","S045",2025,0,0,0,0
"ST05553","S045",2025,1,1,0,0
"ST05554","S045",2025,1,1,0,0
"ST05555","S045",2025,0,0,1,0
"ST05556","S045",2025,1,1,0,0
"ST05557","S045",2025,0,0,1,1
"ST05558","S045",2025,1,0,1,0
"ST05559","S045",2025,0,0,0,0
"ST05560","S045",2025,1,1,0,1
"ST05561","S045",2025,1,1,1,0
"ST05562","S045",2025,1,1,1,0
"ST05563","S045",2025,0,0,0,0
"ST05564","S045",2025,1,0,0,0
"ST05565","S045",2025,1,0,1,0
"ST05566","S045",2025,1,0,1,0
"ST05567","S045",2025,1,0,0,0
"ST05568","S045",2025,1,1,1,0
"ST05569","S045",2025,0,1,1,0
"ST05570","S045",2025,1,1,0,1
"ST05571","S045",2025,1,0,0,0
"ST05572","S045",2025,0,0,0,0
"ST05573","S045",2025,1,1,1,0
"ST05574","S045",2025,0,0,0,0
"ST05575","S045",2025,0,0,0,0
"ST05576","S045",2025,1,1,1,0
"ST05577","S045",2025,0,1,0,0
"ST05578","S045",2025,0,1,1,0
"ST05579","S045",2025,0,0,0,0
"ST05580","S045",2025,1,1,1,0
"ST05581","S045",2025,0,1,1,0
"ST05582","S045",2025,1,0,0,0
"ST05583","S045",2025,0,1,0,0
"ST05584","S045",2025,0,0,1,0
"ST05585","S045",2025,1,0,1,0
"ST05586","S045",2025,1,1,1,1
"ST05587","S045",2025,1,1,1,0
"ST05588","S045",2025,1,0,0,0
"ST05589","S045",2025,1,1,1,0
"ST05590","S045",2025,1,1,0,0
"ST05591","S045",2025,0,0,0,0
"ST05592","S045",2025,0,1,1,0
"ST05593","S045",2025,1,1,1,0
"ST05594","S045",2025,1,1,0,0
"ST05595","S045",2025,1,1,0,0
"ST05596","S045",2025,0,1,1,0
"ST05597","S045",2025,1,0,0,0
"ST05598","S045",2025,0,1,1,1
"ST05599","S045",2025,0,1,1,1
"ST05600","S045",2025,0,0,0,0
"ST05601","S045",2025,1,1,0,0
"ST05602","S045",2025,0,0,0,0
"ST05603","S045",2025,0,1,1,0
"ST05604","S045",2025,1,1,1,0
"ST05605","S046",2021,0,0,0,0
"ST05606","S046",2021,0,0,1,0
"ST05607","S046",2021,0,0,0,0
"ST05608","S046",2021,0,0,0,0
"ST05609","S046",2021,1,0,0,0
"ST05610","S046",2021,0,0,0,0
"ST05611","S046",2021,0,0,0,0
"ST05612","S046",2021,0,0,0,0
"ST05613","S046",2021,1,0,0,0
"ST05614","S046",2021,0,0,0,0
"ST05615","S046",2021,1,0,0,0
"ST05616","S046",2021,1,0,0,0
"ST05617","S046",2021,0,0,0,0
"ST05618","S046",2021,1,0,0,0
"ST05619","S046",2021,0,0,0,0
"ST05620","S046",2021,1,0,0,0
"ST05621","S046",2021,1,0,0,0
"ST05622","S046",2021,0,0,0,0
"ST05623","S046",2021,0,0,1,0
"ST05624","S046",2021,1,0,0,0
"ST05625","S046",2021,0,1,0,0
"ST05626","S046",2021,1,0,0,0
"ST05627","S046",2021,0,0,0,0
"ST05628","S046",2021,0,0,0,0
"ST05629","S046",2021,0,0,0,0
"ST05630","S046",2021,1,0,0,0
"ST05631","S046",2021,0,0,0,0
"ST05632","S046",2021,0,0,0,0
"ST05633","S046",2021,1,0,0,0
"ST05634","S046",2021,1,0,0,0
"ST05635","S046",2021,0,1,0,0
"ST05636","S046",2021,0,0,0,0
"ST05637","S046",2021,1,0,0,0
"ST05638","S046",2021,0,0,0,0
"ST05639","S046",2021,0,0,0,0
"ST05640","S046",2021,1,0,0,0
"ST05641","S046",2021,0,0,0,0
"ST05642","S046",2021,0,0,0,0
"ST05643","S046",2021,0,1,1,0
"ST05644","S046",2021,0,0,0,0
"ST05645","S046",2021,0,0,0,0
"ST05646","S046",2021,1,0,0,0
"ST05647","S046",2021,1,0,1,0
"ST05648","S046",2021,0,1,0,0
"ST05649","S046",2021,0,0,0,0
"ST05650","S046",2021,0,0,0,0
"ST05651","S046",2021,0,0,0,0
"ST05652","S046",2021,0,0,0,0
"ST05653","S046",2021,0,0,0,0
"ST05654","S046",2021,1,1,0,0
"ST05655","S046",2021,1,0,0,0
"ST05656","S046",2021,0,0,0,0
"ST05657","S046",2021,0,0,0,0
"ST05658","S046",2021,0,0,0,0
"ST05659","S046",2021,1,0,0,0
"ST05660","S046",2021,0,0,0,0
"ST05661","S046",2021,0,0,0,0
"ST05662","S046",2021,0,0,0,0
"ST05663","S046",2021,0,0,0,0
"ST05664","S046",2021,1,0,0,0
"ST05665","S046",2021,1,0,0,1
"ST05666","S046",2021,1,0,0,0
"ST05667","S046",2021,0,0,0,0
"ST05668","S046",2021,0,0,0,0
"ST05669","S046",2021,1,0,1,0
"ST05670","S046",2021,0,0,0,0
"ST05671","S046",2021,0,0,0,0
"ST05672","S046",2022,1,0,0,0
"ST05673","S046",2022,0,0,0,0
"ST05674","S046",2022,0,0,0,0
"ST05675","S046",2022,0,0,1,0
"ST05676","S046",2022,0,0,0,0
"ST05677","S046",2022,0,0,0,0
"ST05678","S046",2022,0,0,0,0
"ST05679","S046",2022,1,0,0,0
"ST05680","S046",2022,1,1,0,0
"ST05681","S046",2022,0,0,0,0
"ST05682","S046",2022,1,0,0,0
"ST05683","S046",2022,0,0,0,0
"ST05684","S046",2022,1,0,0,0
"ST05685","S046",2022,0,1,0,0
"ST05686","S046",2022,1,0,0,0
"ST05687","S046",2022,0,0,0,0
"ST05688","S046",2022,1,0,0,0
"ST05689","S046",2022,0,0,0,0
"ST05690","S046",2022,1,0,0,0
"ST05691","S046",2022,0,0,0,0
"ST05692","S046",2022,0,0,1,0
"ST05693","S046",2022,1,1,1,0
"ST05694","S046",2022,0,0,0,0
"ST05695","S046",2022,1,0,0,0
"ST05696","S046",2022,0,1,1,0
"ST05697","S046",2022,0,0,0,0
"ST05698","S046",2022,0,0,0,0
"ST05699","S046",2022,0,0,0,0
"ST05700","S046",2022,0,0,0,0
"ST05701","S046",2022,0,0,0,0
"ST05702","S046",2022,0,0,0,0
"ST05703","S046",2022,0,0,0,0
"ST05704","S046",2022,1,0,0,0
"ST05705","S046",2022,0,0,0,0
"ST05706","S046",2022,0,0,0,0
"ST05707","S046",2022,1,0,0,0
"ST05708","S046",2022,1,0,0,0
"ST05709","S046",2022,1,0,0,0
"ST05710","S046",2022,0,0,0,0
"ST05711","S046",2022,1,0,0,0
"ST05712","S046",2022,0,0,0,0
"ST05713","S046",2022,0,0,0,0
"ST05714","S046",2022,1,0,1,0
"ST05715","S046",2022,1,0,0,0
"ST05716","S046",2022,0,1,0,0
"ST05717","S046",2022,0,0,0,0
"ST05718","S046",2022,0,0,0,0
"ST05719","S046",2022,0,0,0,0
"ST05720","S046",2022,0,0,0,0
"ST05721","S046",2022,1,0,0,0
"ST05722","S046",2022,0,0,0,0
"ST05723","S046",2022,0,0,0,0
"ST05724","S046",2022,1,1,1,0
"ST05725","S046",2022,0,0,0,0
"ST05726","S046",2022,1,1,0,0
"ST05727","S046",2022,0,0,0,0
"ST05728","S046",2022,0,1,1,0
"ST05729","S046",2022,0,0,0,0
"ST05730","S046",2022,0,1,0,0
"ST05731","S046",2022,1,0,0,0
"ST05732","S046",2022,1,0,0,0
"ST05733","S046",2022,0,0,0,0
"ST05734","S046",2022,0,0,0,0
"ST05735","S046",2022,0,0,0,0
"ST05736","S046",2022,0,0,0,0
"ST05737","S046",2022,1,0,0,0
"ST05738","S046",2022,0,0,0,0
"ST05739","S046",2022,0,0,0,0
"ST05740","S046",2022,0,0,0,0
"ST05741","S046",2023,0,0,0,0
"ST05742","S046",2023,0,0,0,0
"ST05743","S046",2023,1,0,0,0
"ST05744","S046",2023,0,0,0,0
"ST05745","S046",2023,0,0,0,0
"ST05746","S046",2023,0,0,0,0
"ST05747","S046",2023,1,0,0,0
"ST05748","S046",2023,1,1,0,0
"ST05749","S046",2023,0,0,0,0
"ST05750","S046",2023,1,0,0,0
"ST05751","S046",2023,1,0,0,0
"ST05752","S046",2023,1,1,0,1
"ST05753","S046",2023,0,0,0,0
"ST05754","S046",2023,0,0,0,0
"ST05755","S046",2023,0,0,0,0
"ST05756","S046",2023,0,1,0,0
"ST05757","S046",2023,0,0,0,0
"ST05758","S046",2023,0,0,0,0
"ST05759","S046",2023,0,0,0,0
"ST05760","S046",2023,0,0,0,0
"ST05761","S046",2023,0,0,0,0
"ST05762","S046",2023,0,0,0,0
"ST05763","S046",2023,0,0,0,0
"ST05764","S046",2023,0,0,0,0
"ST05765","S046",2023,0,0,0,0
"ST05766","S046",2023,1,0,0,0
"ST05767","S046",2023,0,0,0,0
"ST05768","S046",2023,1,0,0,0
"ST05769","S046",2023,0,1,0,0
"ST05770","S046",2023,0,0,0,0
"ST05771","S046",2023,1,1,1,0
"ST05772","S046",2023,0,0,0,0
"ST05773","S046",2023,1,1,0,0
"ST05774","S046",2023,1,0,0,0
"ST05775","S046",2023,0,0,0,0
"ST05776","S046",2023,1,0,0,0
"ST05777","S046",2023,0,0,0,0
"ST05778","S046",2023,0,0,0,0
"ST05779","S046",2023,0,0,0,0
"ST05780","S046",2023,1,0,0,0
"ST05781","S046",2023,0,0,0,0
"ST05782","S046",2023,0,0,0,0
"ST05783","S046",2023,0,0,0,0
"ST05784","S046",2023,1,0,0,0
"ST05785","S046",2023,1,0,0,0
"ST05786","S046",2023,0,0,0,0
"ST05787","S046",2023,1,0,0,0
"ST05788","S046",2023,0,0,0,0
"ST05789","S046",2023,0,0,0,0
"ST05790","S046",2023,1,0,0,0
"ST05791","S046",2023,1,0,0,0
"ST05792","S046",2023,0,1,1,0
"ST05793","S046",2023,1,0,0,0
"ST05794","S046",2023,0,0,0,0
"ST05795","S046",2023,1,0,0,0
"ST05796","S046",2023,0,1,1,0
"ST05797","S046",2023,0,0,0,0
"ST05798","S046",2023,0,0,0,0
"ST05799","S046",2023,0,0,0,0
"ST05800","S046",2023,1,0,0,0
"ST05801","S046",2023,0,0,0,0
"ST05802","S046",2023,0,0,0,0
"ST05803","S046",2023,0,0,0,0
"ST05804","S046",2023,1,0,0,0
"ST05805","S046",2023,1,1,1,0
"ST05806","S046",2024,1,0,0,0
"ST05807","S046",2024,0,0,0,0
"ST05808","S046",2024,0,0,0,0
"ST05809","S046",2024,1,0,0,0
"ST05810","S046",2024,1,1,0,0
"ST05811","S046",2024,1,0,0,0
"ST05812","S046",2024,1,0,0,0
"ST05813","S046",2024,0,0,0,0
"ST05814","S046",2024,0,0,0,0
"ST05815","S046",2024,0,0,1,0
"ST05816","S046",2024,0,0,0,0
"ST05817","S046",2024,0,0,0,0
"ST05818","S046",2024,0,0,1,0
"ST05819","S046",2024,0,0,0,0
"ST05820","S046",2024,0,0,1,0
"ST05821","S046",2024,0,0,0,0
"ST05822","S046",2024,1,1,0,0
"ST05823","S046",2024,0,0,1,0
"ST05824","S046",2024,1,0,0,0
"ST05825","S046",2024,1,0,0,0
"ST05826","S046",2024,0,0,1,0
"ST05827","S046",2024,0,0,0,0
"ST05828","S046",2024,0,0,0,0
"ST05829","S046",2024,0,0,1,0
"ST05830","S046",2024,0,0,0,0
"ST05831","S046",2024,0,0,0,0
"ST05832","S046",2024,0,0,0,0
"ST05833","S046",2024,0,0,0,0
"ST05834","S046",2024,0,0,0,0
"ST05835","S046",2024,0,0,1,0
"ST05836","S046",2024,0,0,0,0
"ST05837","S046",2024,0,0,0,0
"ST05838","S046",2024,1,0,0,0
"ST05839","S046",2024,0,0,0,0
"ST05840","S046",2024,1,0,0,0
"ST05841","S046",2024,0,0,0,1
"ST05842","S046",2024,0,1,0,0
"ST05843","S046",2024,0,0,0,0
"ST05844","S046",2024,0,0,0,0
"ST05845","S046",2024,1,0,0,0
"ST05846","S046",2024,0,0,0,0
"ST05847","S046",2024,0,0,0,0
"ST05848","S046",2024,1,1,0,0
"ST05849","S046",2024,0,0,0,0
"ST05850","S046",2024,0,0,0,0
"ST05851","S046",2024,0,1,1,0
"ST05852","S046",2024,0,1,0,0
"ST05853","S046",2024,0,0,0,0
"ST05854","S046",2024,1,0,0,0
"ST05855","S046",2024,1,0,0,0
"ST05856","S046",2024,1,0,0,0
"ST05857","S046",2024,0,0,0,0
"ST05858","S046",2024,0,0,0,0
"ST05859","S046",2024,1,0,0,0
"ST05860","S046",2024,0,1,0,0
"ST05861","S046",2024,0,0,0,0
"ST05862","S046",2024,0,0,0,0
"ST05863","S046",2024,1,0,0,0
"ST05864","S046",2024,0,0,0,0
"ST05865","S046",2024,0,0,0,0
"ST05866","S046",2024,0,0,0,0
"ST05867","S046",2024,0,0,0,0
"ST05868","S046",2024,0,0,0,0
"ST05869","S046",2024,0,0,0,0
"ST05870","S046",2024,0,0,0,0
"ST05871","S046",2024,0,0,0,0
"ST05872","S046",2024,0,0,0,0
"ST05873","S046",2024,0,1,0,0
"ST05874","S046",2024,0,1,0,0
"ST05875","S046",2024,0,0,0,0
"ST05876","S046",2024,0,0,0,0
"ST05877","S046",2024,1,0,0,0
"ST05878","S046",2024,0,0,0,0
"ST05879","S046",2024,0,0,0,0
"ST05880","S046",2024,0,1,0,0
"ST05881","S046",2024,0,0,0,0
"ST05882","S046",2024,0,0,1,0
"ST05883","S046",2024,0,0,1,0
"ST05884","S046",2024,0,0,0,0
"ST05885","S046",2024,0,0,0,0
"ST05886","S046",2024,0,1,1,0
"ST05887","S046",2024,0,0,0,0
"ST05888","S046",2024,0,0,0,0
"ST05889","S046",2024,0,0,0,0
"ST05890","S046",2024,1,0,0,0
"ST05891","S046",2024,0,0,0,0
"ST05892","S046",2024,0,0,0,0
"ST05893","S046",2025,0,0,0,0
"ST05894","S046",2025,0,0,0,0
"ST05895","S046",2025,1,1,1,0
"ST05896","S046",2025,1,0,0,0
"ST05897","S046",2025,0,0,0,0
"ST05898","S046",2025,0,0,0,0
"ST05899","S046",2025,0,0,0,0
"ST05900","S046",2025,0,1,0,0
"ST05901","S046",2025,0,0,0,0
"ST05902","S046",2025,0,0,0,0
"ST05903","S046",2025,0,1,1,0
"ST05904","S046",2025,0,0,0,0
"ST05905","S046",2025,1,0,0,0
"ST05906","S046",2025,1,0,0,0
"ST05907","S046",2025,1,1,0,0
"ST05908","S046",2025,0,0,1,0
"ST05909","S046",2025,0,0,0,0
"ST05910","S046",2025,1,1,1,0
"ST05911","S046",2025,0,1,0,0
"ST05912","S046",2025,0,0,0,0
"ST05913","S046",2025,1,0,0,0
"ST05914","S046",2025,0,0,1,0
"ST05915","S046",2025,0,0,0,0
"ST05916","S046",2025,1,0,0,0
"ST05917","S046",2025,1,0,0,0
"ST05918","S046",2025,1,0,0,0
"ST05919","S046",2025,0,0,0,0
"ST05920","S046",2025,0,0,0,0
"ST05921","S046",2025,0,0,0,0
"ST05922","S046",2025,1,0,0,0
"ST05923","S046",2025,0,0,0,0
"ST05924","S046",2025,0,0,0,0
"ST05925","S046",2025,0,0,0,0
"ST05926","S046",2025,0,0,0,0
"ST05927","S046",2025,0,0,0,0
"ST05928","S046",2025,1,0,0,0
"ST05929","S046",2025,1,0,0,0
"ST05930","S046",2025,1,0,0,0
"ST05931","S046",2025,1,0,1,0
"ST05932","S046",2025,0,0,0,0
"ST05933","S046",2025,1,1,0,0
"ST05934","S046",2025,0,0,0,0
"ST05935","S046",2025,0,0,1,0
"ST05936","S046",2025,0,0,0,0
"ST05937","S046",2025,0,0,0,0
"ST05938","S046",2025,1,0,0,0
"ST05939","S046",2025,1,0,0,0
"ST05940","S046",2025,0,0,0,0
"ST05941","S046",2025,0,0,0,0
"ST05942","S046",2025,0,0,0,0
"ST05943","S046",2025,0,0,0,0
"ST05944","S046",2025,0,0,0,0
"ST05945","S046",2025,0,0,0,0
"ST05946","S046",2025,0,0,0,0
"ST05947","S046",2025,1,0,0,0
"ST05948","S046",2025,1,1,1,0
"ST05949","S046",2025,0,0,0,0
"ST05950","S046",2025,1,0,0,0
"ST05951","S046",2025,0,0,0,0
"ST05952","S046",2025,1,0,0,1
"ST05953","S046",2025,1,0,0,0
"ST05954","S046",2025,0,0,0,0
"ST05955","S046",2025,0,0,0,0
"ST05956","S046",2025,1,0,0,0
"ST05957","S046",2025,1,1,1,0
"ST05958","S046",2025,1,1,1,0
"ST05959","S046",2025,0,0,1,0
"ST05960","S046",2025,0,0,0,0
"ST05961","S046",2025,1,0,1,0
"ST05962","S046",2025,0,0,0,0
"ST05963","S046",2025,1,0,0,0
"ST05964","S046",2025,0,0,0,0
"ST05965","S046",2025,0,0,0,0
"ST05966","S046",2025,0,0,0,0
"ST05967","S046",2025,0,0,0,0
"ST05968","S046",2025,0,0,0,0
"ST05969","S046",2025,1,0,0,0
"ST05970","S046",2025,0,0,0,0
"ST05971","S046",2025,0,0,0,0
"ST05972","S046",2025,0,0,0,0
"ST05973","S046",2025,0,0,1,0
"ST05974","S046",2025,0,0,0,0
"ST05975","S046",2025,0,0,0,0
"ST05976","S046",2025,0,0,0,0
"ST05977","S046",2025,0,0,0,0
"ST05978","S046",2025,0,0,0,0
"ST05979","S046",2025,1,1,0,0
"ST05980","S046",2025,1,0,0,0
"ST05981","S046",2025,0,0,0,0
"ST05982","S046",2025,0,0,0,0
"ST05983","S046",2025,1,0,0,0
"ST05984","S047",2021,1,1,0,0
"ST05985","S047",2021,1,0,0,0
"ST05986","S047",2021,0,0,0,0
"ST05987","S047",2021,1,1,1,1
"ST05988","S047",2021,0,0,0,0
"ST05989","S047",2021,1,1,0,1
"ST05990","S047",2021,0,0,0,0
"ST05991","S047",2021,0,0,0,0
"ST05992","S047",2021,0,1,0,0
"ST05993","S047",2021,0,0,0,0
"ST05994","S047",2021,0,0,0,0
"ST05995","S047",2021,1,0,1,0
"ST05996","S047",2021,0,0,0,0
"ST05997","S047",2021,0,1,0,0
"ST05998","S047",2021,0,0,0,0
"ST05999","S047",2021,0,0,0,0
"ST06000","S047",2021,0,0,1,0
"ST06001","S047",2021,0,0,0,0
"ST06002","S047",2021,1,1,0,0
"ST06003","S047",2021,1,0,0,0
"ST06004","S047",2021,0,0,0,0
"ST06005","S047",2021,0,1,1,0
"ST06006","S047",2021,0,0,0,0
"ST06007","S047",2021,1,0,0,0
"ST06008","S047",2021,0,0,0,0
"ST06009","S047",2021,1,0,0,1
"ST06010","S047",2021,1,0,0,0
"ST06011","S047",2021,1,0,0,0
"ST06012","S047",2021,1,0,0,0
"ST06013","S047",2021,0,0,0,0
"ST06014","S047",2021,0,0,0,0
"ST06015","S047",2021,1,1,1,0
"ST06016","S047",2021,1,0,0,0
"ST06017","S047",2021,0,0,0,0
"ST06018","S047",2021,1,0,0,0
"ST06019","S047",2021,1,1,0,0
"ST06020","S047",2021,1,0,0,0
"ST06021","S047",2021,1,1,0,0
"ST06022","S047",2021,0,1,0,0
"ST06023","S047",2021,1,0,1,0
"ST06024","S047",2021,0,0,0,0
"ST06025","S047",2021,1,1,1,0
"ST06026","S047",2021,1,0,0,0
"ST06027","S047",2021,1,1,0,0
"ST06028","S047",2021,1,1,1,0
"ST06029","S047",2021,0,0,0,0
"ST06030","S047",2021,0,0,0,0
"ST06031","S047",2021,0,0,0,0
"ST06032","S047",2021,1,0,1,0
"ST06033","S047",2021,1,0,0,0
"ST06034","S047",2021,0,0,1,0
"ST06035","S047",2021,1,1,0,0
"ST06036","S047",2021,1,0,0,0
"ST06037","S047",2021,0,0,0,0
"ST06038","S047",2021,0,0,0,0
"ST06039","S047",2021,0,0,0,0
"ST06040","S047",2021,1,0,1,0
"ST06041","S047",2021,1,1,0,0
"ST06042","S047",2021,1,0,1,0
"ST06043","S047",2021,0,0,0,0
"ST06044","S047",2021,1,0,0,0
"ST06045","S047",2021,0,0,0,0
"ST06046","S047",2021,1,1,0,0
"ST06047","S047",2021,0,0,0,0
"ST06048","S047",2021,1,1,1,0
"ST06049","S047",2021,0,0,0,0
"ST06050","S047",2022,1,0,0,1
"ST06051","S047",2022,0,0,0,0
"ST06052","S047",2022,0,0,1,0
"ST06053","S047",2022,0,1,1,0
"ST06054","S047",2022,0,1,0,0
"ST06055","S047",2022,1,0,0,0
"ST06056","S047",2022,1,1,1,0
"ST06057","S047",2022,0,0,1,0
"ST06058","S047",2022,0,0,0,0
"ST06059","S047",2022,1,1,1,0
"ST06060","S047",2022,0,1,0,0
"ST06061","S047",2022,0,0,0,0
"ST06062","S047",2022,0,0,1,0
"ST06063","S047",2022,0,0,0,0
"ST06064","S047",2022,0,0,0,0
"ST06065","S047",2022,1,0,1,0
"ST06066","S047",2022,0,0,0,0
"ST06067","S047",2022,0,0,0,0
"ST06068","S047",2022,1,1,1,0
"ST06069","S047",2022,1,1,1,0
"ST06070","S047",2022,0,0,0,0
"ST06071","S047",2022,1,1,1,0
"ST06072","S047",2022,1,0,0,0
"ST06073","S047",2022,1,0,0,0
"ST06074","S047",2022,0,0,1,0
"ST06075","S047",2022,0,0,0,0
"ST06076","S047",2022,1,1,1,0
"ST06077","S047",2022,1,1,1,0
"ST06078","S047",2022,1,0,0,0
"ST06079","S047",2022,0,0,0,0
"ST06080","S047",2022,1,0,1,0
"ST06081","S047",2022,0,0,1,0
"ST06082","S047",2022,0,0,0,0
"ST06083","S047",2022,0,0,0,0
"ST06084","S047",2022,1,1,1,1
"ST06085","S047",2022,1,1,0,0
"ST06086","S047",2022,1,1,0,1
"ST06087","S047",2022,1,1,0,1
"ST06088","S047",2022,0,0,0,0
"ST06089","S047",2022,0,1,0,0
"ST06090","S047",2022,0,0,0,0
"ST06091","S047",2022,0,0,1,0
"ST06092","S047",2022,1,0,0,0
"ST06093","S047",2022,0,0,0,0
"ST06094","S047",2022,0,0,0,0
"ST06095","S047",2022,0,0,1,0
"ST06096","S047",2022,1,0,0,0
"ST06097","S047",2022,1,0,0,0
"ST06098","S047",2022,1,0,0,0
"ST06099","S047",2022,1,0,0,0
"ST06100","S047",2022,0,0,0,0
"ST06101","S047",2022,0,0,0,0
"ST06102","S047",2022,1,1,1,0
"ST06103","S047",2022,1,0,0,1
"ST06104","S047",2022,0,0,0,0
"ST06105","S047",2022,1,1,1,0
"ST06106","S047",2022,1,0,0,0
"ST06107","S047",2022,0,0,0,0
"ST06108","S047",2022,1,0,0,0
"ST06109","S047",2022,0,0,0,0
"ST06110","S047",2022,0,0,0,0
"ST06111","S047",2022,1,1,0,1
"ST06112","S047",2022,0,1,0,1
"ST06113","S047",2022,1,1,0,0
"ST06114","S047",2023,1,1,1,0
"ST06115","S047",2023,0,1,0,0
"ST06116","S047",2023,0,0,1,0
"ST06117","S047",2023,0,1,1,0
"ST06118","S047",2023,0,0,1,1
"ST06119","S047",2023,1,1,1,0
"ST06120","S047",2023,0,0,0,0
"ST06121","S047",2023,1,0,0,0
"ST06122","S047",2023,1,1,0,0
"ST06123","S047",2023,0,0,0,0
"ST06124","S047",2023,1,1,0,0
"ST06125","S047",2023,0,0,0,0
"ST06126","S047",2023,1,0,0,0
"ST06127","S047",2023,1,1,0,0
"ST06128","S047",2023,1,1,0,0
"ST06129","S047",2023,1,0,0,0
"ST06130","S047",2023,0,1,1,0
"ST06131","S047",2023,1,0,0,0
"ST06132","S047",2023,0,0,0,0
"ST06133","S047",2023,1,1,0,0
"ST06134","S047",2023,1,1,1,0
"ST06135","S047",2023,0,0,0,0
"ST06136","S047",2023,1,1,0,0
"ST06137","S047",2023,0,0,0,0
"ST06138","S047",2023,1,0,0,0
"ST06139","S047",2023,0,0,0,0
"ST06140","S047",2023,1,1,1,0
"ST06141","S047",2023,0,0,0,0
"ST06142","S047",2023,1,0,0,0
"ST06143","S047",2023,0,0,0,0
"ST06144","S047",2023,0,0,0,0
"ST06145","S047",2023,0,0,0,0
"ST06146","S047",2023,0,0,0,0
"ST06147","S047",2023,0,0,0,0
"ST06148","S047",2023,0,1,0,0
"ST06149","S047",2023,1,0,0,1
"ST06150","S047",2023,1,1,0,0
"ST06151","S047",2023,0,0,0,0
"ST06152","S047",2023,1,0,0,0
"ST06153","S047",2023,0,0,1,0
"ST06154","S047",2023,0,0,1,0
"ST06155","S047",2023,0,0,0,0
"ST06156","S047",2023,0,0,0,0
"ST06157","S047",2023,0,1,0,0
"ST06158","S047",2023,1,1,1,0
"ST06159","S047",2023,1,0,0,1
"ST06160","S047",2023,1,1,1,0
"ST06161","S047",2023,0,0,0,0
"ST06162","S047",2023,0,1,0,0
"ST06163","S047",2023,0,0,0,0
"ST06164","S047",2023,0,0,0,0
"ST06165","S047",2023,0,1,1,0
"ST06166","S047",2023,0,1,0,0
"ST06167","S047",2023,0,0,0,0
"ST06168","S047",2023,1,1,0,0
"ST06169","S047",2023,1,0,1,0
"ST06170","S047",2023,0,0,0,0
"ST06171","S047",2023,1,0,0,0
"ST06172","S047",2023,0,0,0,0
"ST06173","S047",2023,0,0,0,0
"ST06174","S047",2023,0,1,0,0
"ST06175","S047",2023,0,0,0,0
"ST06176","S047",2023,0,0,1,0
"ST06177","S047",2023,0,1,1,0
"ST06178","S047",2023,1,0,0,0
"ST06179","S047",2023,0,0,0,0
"ST06180","S047",2023,0,1,0,1
"ST06181","S047",2023,0,0,0,0
"ST06182","S047",2023,1,0,1,0
"ST06183","S047",2024,1,0,0,0
"ST06184","S047",2024,0,0,0,0
"ST06185","S047",2024,0,0,1,0
"ST06186","S047",2024,1,0,0,0
"ST06187","S047",2024,0,0,1,0
"ST06188","S047",2024,0,1,0,0
"ST06189","S047",2024,0,1,1,0
"ST06190","S047",2024,0,1,0,0
"ST06191","S047",2024,0,0,0,1
"ST06192","S047",2024,1,1,1,0
"ST06193","S047",2024,1,0,0,0
"ST06194","S047",2024,1,0,0,0
"ST06195","S047",2024,0,1,0,0
"ST06196","S047",2024,1,1,0,0
"ST06197","S047",2024,0,0,0,0
"ST06198","S047",2024,0,0,0,0
"ST06199","S047",2024,1,1,0,1
"ST06200","S047",2024,0,0,0,0
"ST06201","S047",2024,0,0,0,0
"ST06202","S047",2024,0,0,0,0
"ST06203","S047",2024,0,0,0,0
"ST06204","S047",2024,0,0,1,0
"ST06205","S047",2024,0,0,0,0
"ST06206","S047",2024,0,0,0,0
"ST06207","S047",2024,1,0,0,0
"ST06208","S047",2024,0,0,0,0
"ST06209","S047",2024,1,1,1,0
"ST06210","S047",2024,1,0,0,0
"ST06211","S047",2024,1,0,1,0
"ST06212","S047",2024,0,1,0,0
"ST06213","S047",2024,0,0,0,0
"ST06214","S047",2024,1,1,0,0
"ST06215","S047",2024,0,0,0,0
"ST06216","S047",2024,1,1,0,0
"ST06217","S047",2024,0,1,1,0
"ST06218","S047",2024,0,0,0,0
"ST06219","S047",2024,0,1,1,0
"ST06220","S047",2024,0,0,0,0
"ST06221","S047",2024,0,0,0,0
"ST06222","S047",2024,1,0,0,0
"ST06223","S047",2024,0,1,1,0
"ST06224","S047",2024,1,0,0,0
"ST06225","S047",2024,0,0,0,0
"ST06226","S047",2024,0,0,1,0
"ST06227","S047",2024,0,0,0,0
"ST06228","S047",2024,1,0,0,0
"ST06229","S047",2024,0,0,0,1
"ST06230","S047",2024,1,0,0,0
"ST06231","S047",2024,1,0,1,0
"ST06232","S047",2025,0,0,0,0
"ST06233","S047",2025,1,1,1,0
"ST06234","S047",2025,0,0,0,0
"ST06235","S047",2025,0,0,0,0
"ST06236","S047",2025,0,0,1,1
"ST06237","S047",2025,0,0,1,0
"ST06238","S047",2025,1,0,0,0
"ST06239","S047",2025,0,0,0,0
"ST06240","S047",2025,1,0,0,0
"ST06241","S047",2025,0,0,0,0
"ST06242","S047",2025,1,0,0,0
"ST06243","S047",2025,1,1,1,0
"ST06244","S047",2025,0,0,0,0
"ST06245","S047",2025,1,1,0,0
"ST06246","S047",2025,0,1,0,0
"ST06247","S047",2025,0,0,0,0
"ST06248","S047",2025,0,0,0,0
"ST06249","S047",2025,1,0,0,0
"ST06250","S047",2025,1,0,0,0
"ST06251","S047",2025,0,0,0,0
"ST06252","S047",2025,0,1,1,0
"ST06253","S047",2025,1,1,0,0
"ST06254","S047",2025,1,0,0,0
"ST06255","S047",2025,1,1,0,0
"ST06256","S047",2025,0,0,0,0
"ST06257","S047",2025,0,0,0,0
"ST06258","S047",2025,1,0,0,0
"ST06259","S047",2025,0,0,1,0
"ST06260","S047",2025,1,1,1,0
"ST06261","S047",2025,1,0,0,0
"ST06262","S047",2025,1,0,1,1
"ST06263","S047",2025,1,0,0,0
"ST06264","S047",2025,0,0,0,0
"ST06265","S047",2025,0,0,0,0
"ST06266","S047",2025,1,0,0,0
"ST06267","S047",2025,0,0,0,0
"ST06268","S047",2025,1,1,1,0
"ST06269","S047",2025,0,0,0,0
"ST06270","S047",2025,0,0,0,0
"ST06271","S047",2025,0,0,1,0
"ST06272","S047",2025,0,1,1,0
"ST06273","S047",2025,1,0,1,0
"ST06274","S047",2025,1,0,0,0
"ST06275","S047",2025,0,0,1,0
"ST06276","S047",2025,0,0,0,0
"ST06277","S048",2021,0,0,0,0
"ST06278","S048",2021,1,0,0,0
"ST06279","S048",2021,1,0,0,0
"ST06280","S048",2021,0,0,0,0
"ST06281","S048",2021,0,0,0,0
"ST06282","S048",2021,0,0,0,0
"ST06283","S048",2021,0,0,0,0
"ST06284","S048",2021,0,0,0,0
"ST06285","S048",2021,1,0,0,0
"ST06286","S048",2021,0,0,0,0
"ST06287","S048",2021,1,0,1,0
"ST06288","S048",2021,1,0,0,0
"ST06289","S048",2021,0,0,0,0
"ST06290","S048",2021,0,0,0,0
"ST06291","S048",2021,0,0,0,0
"ST06292","S048",2021,0,0,0,0
"ST06293","S048",2021,0,0,0,0
"ST06294","S048",2021,0,0,0,0
"ST06295","S048",2021,0,0,0,0
"ST06296","S048",2021,1,0,0,0
"ST06297","S048",2021,0,0,1,0
"ST06298","S048",2021,0,0,0,0
"ST06299","S048",2021,1,1,0,1
"ST06300","S048",2021,0,0,0,0
"ST06301","S048",2021,0,1,1,0
"ST06302","S048",2021,0,0,0,0
"ST06303","S048",2021,0,0,0,0
"ST06304","S048",2021,1,1,0,0
"ST06305","S048",2021,0,0,0,0
"ST06306","S048",2021,1,1,1,0
"ST06307","S048",2021,0,0,0,0
"ST06308","S048",2021,1,0,1,0
"ST06309","S048",2021,1,1,0,0
"ST06310","S048",2021,0,0,0,0
"ST06311","S048",2021,0,0,0,0
"ST06312","S048",2021,0,1,0,0
"ST06313","S048",2021,1,0,0,0
"ST06314","S048",2021,0,0,0,0
"ST06315","S048",2021,0,0,0,0
"ST06316","S048",2021,0,0,0,0
"ST06317","S048",2021,0,1,0,0
"ST06318","S048",2021,1,1,1,0
"ST06319","S048",2021,1,0,0,0
"ST06320","S048",2021,0,0,0,0
"ST06321","S048",2021,1,1,1,0
"ST06322","S048",2021,0,0,0,0
"ST06323","S048",2021,0,0,0,0
"ST06324","S048",2021,0,1,0,0
"ST06325","S048",2021,0,0,1,0
"ST06326","S048",2021,1,1,1,0
"ST06327","S048",2021,1,1,1,0
"ST06328","S048",2021,0,0,0,0
"ST06329","S048",2021,0,0,0,0
"ST06330","S048",2021,1,1,0,0
"ST06331","S048",2021,0,1,1,0
"ST06332","S048",2021,0,0,0,0
"ST06333","S048",2021,0,1,0,0
"ST06334","S048",2021,0,0,0,0
"ST06335","S048",2021,0,0,0,0
"ST06336","S048",2021,0,0,0,0
"ST06337","S048",2021,0,0,0,0
"ST06338","S048",2021,0,1,0,0
"ST06339","S048",2021,1,1,1,1
"ST06340","S048",2021,0,0,0,0
"ST06341","S048",2021,1,0,0,0
"ST06342","S048",2021,0,1,0,0
"ST06343","S048",2021,1,1,1,0
"ST06344","S048",2021,0,0,0,0
"ST06345","S048",2021,0,0,0,0
"ST06346","S048",2021,0,0,0,0
"ST06347","S048",2021,0,0,0,0
"ST06348","S048",2021,0,1,0,0
"ST06349","S048",2021,1,0,0,0
"ST06350","S048",2021,0,0,0,0
"ST06351","S048",2021,1,0,0,0
"ST06352","S048",2021,0,0,0,0
"ST06353","S048",2021,0,0,1,0
"ST06354","S048",2021,0,0,0,0
"ST06355","S048",2021,0,0,1,0
"ST06356","S048",2021,0,0,0,0
"ST06357","S048",2021,0,0,1,0
"ST06358","S048",2021,0,0,0,0
"ST06359","S048",2021,1,0,1,0
"ST06360","S048",2021,0,0,1,0
"ST06361","S048",2021,0,0,0,0
"ST06362","S048",2021,0,0,0,0
"ST06363","S048",2021,0,0,1,0
"ST06364","S048",2021,1,0,0,0
"ST06365","S048",2021,0,0,1,0
"ST06366","S048",2021,0,1,0,0
"ST06367","S048",2021,0,0,1,1
"ST06368","S048",2021,1,0,0,0
"ST06369","S048",2021,0,0,0,0
"ST06370","S048",2021,1,0,0,0
"ST06371","S048",2021,0,1,0,0
"ST06372","S048",2021,0,1,0,0
"ST06373","S048",2021,1,1,1,0
"ST06374","S048",2021,1,1,0,0
"ST06375","S048",2021,1,1,1,0
"ST06376","S048",2021,0,0,0,0
"ST06377","S048",2021,1,0,0,0
"ST06378","S048",2021,0,1,0,1
"ST06379","S048",2021,0,0,0,0
"ST06380","S048",2021,1,1,0,0
"ST06381","S048",2021,1,0,0,0
"ST06382","S048",2021,0,0,0,0
"ST06383","S048",2021,1,1,1,0
"ST06384","S048",2021,0,0,0,0
"ST06385","S048",2021,0,0,0,0
"ST06386","S048",2021,0,1,0,0
"ST06387","S048",2021,0,0,0,0
"ST06388","S048",2021,0,0,1,0
"ST06389","S048",2021,1,0,0,0
"ST06390","S048",2021,1,1,0,0
"ST06391","S048",2021,0,0,0,0
"ST06392","S048",2022,0,0,0,0
"ST06393","S048",2022,1,1,0,0
"ST06394","S048",2022,0,0,0,0
"ST06395","S048",2022,0,0,1,0
"ST06396","S048",2022,0,0,0,0
"ST06397","S048",2022,0,1,1,0
"ST06398","S048",2022,0,0,0,0
"ST06399","S048",2022,0,1,0,0
"ST06400","S048",2022,1,0,1,0
"ST06401","S048",2022,0,0,0,0
"ST06402","S048",2022,0,0,0,0
"ST06403","S048",2022,0,0,0,0
"ST06404","S048",2022,0,0,1,0
"ST06405","S048",2022,0,1,1,0
"ST06406","S048",2022,0,0,0,0
"ST06407","S048",2022,1,0,0,0
"ST06408","S048",2022,0,0,0,0
"ST06409","S048",2022,1,1,1,0
"ST06410","S048",2022,1,0,0,0
"ST06411","S048",2022,0,0,0,0
"ST06412","S048",2022,1,0,0,1
"ST06413","S048",2022,0,0,0,0
"ST06414","S048",2022,1,0,0,0
"ST06415","S048",2022,0,0,0,0
"ST06416","S048",2022,0,0,0,0
"ST06417","S048",2022,0,1,0,0
"ST06418","S048",2022,1,0,0,0
"ST06419","S048",2022,1,0,0,0
"ST06420","S048",2022,0,0,0,0
"ST06421","S048",2022,0,0,0,0
"ST06422","S048",2022,0,0,0,0
"ST06423","S048",2022,1,1,0,0
"ST06424","S048",2022,1,1,0,0
"ST06425","S048",2022,0,0,0,0
"ST06426","S048",2022,1,0,1,0
"ST06427","S048",2022,1,1,1,0
"ST06428","S048",2022,0,0,0,0
"ST06429","S048",2022,1,1,0,0
"ST06430","S048",2022,1,0,0,0
"ST06431","S048",2022,1,1,1,1
"ST06432","S048",2022,0,0,0,0
"ST06433","S048",2022,0,1,0,0
"ST06434","S048",2022,0,0,0,0
"ST06435","S048",2022,0,0,0,0
"ST06436","S048",2022,0,1,1,0
"ST06437","S048",2022,0,0,0,0
"ST06438","S048",2022,0,0,1,0
"ST06439","S048",2022,0,0,0,0
"ST06440","S048",2022,0,1,0,0
"ST06441","S048",2022,0,0,0,0
"ST06442","S048",2022,1,0,0,0
"ST06443","S048",2022,0,1,0,0
"ST06444","S048",2022,0,0,0,0
"ST06445","S048",2022,0,0,0,0
"ST06446","S048",2022,0,0,0,0
"ST06447","S048",2022,0,1,1,0
"ST06448","S048",2022,0,1,1,0
"ST06449","S048",2022,0,0,0,0
"ST06450","S048",2022,0,0,0,0
"ST06451","S048",2022,0,0,0,0
"ST06452","S048",2022,0,0,0,0
"ST06453","S048",2022,0,0,0,0
"ST06454","S048",2022,1,1,1,0
"ST06455","S048",2022,0,0,0,0
"ST06456","S048",2022,0,0,0,0
"ST06457","S048",2022,0,0,0,0
"ST06458","S048",2022,0,0,0,0
"ST06459","S048",2022,0,0,0,0
"ST06460","S048",2022,1,0,0,0
"ST06461","S048",2022,0,0,0,0
"ST06462","S048",2022,0,0,0,0
"ST06463","S048",2022,1,1,0,0
"ST06464","S048",2022,1,0,1,0
"ST06465","S048",2022,0,0,0,0
"ST06466","S048",2022,1,0,0,0
"ST06467","S048",2022,0,0,0,0
"ST06468","S048",2022,0,0,0,0
"ST06469","S048",2022,0,1,0,0
"ST06470","S048",2022,0,1,0,0
"ST06471","S048",2022,0,0,0,0
"ST06472","S048",2022,1,1,0,0
"ST06473","S048",2022,0,0,0,0
"ST06474","S048",2022,1,1,0,0
"ST06475","S048",2022,0,1,0,0
"ST06476","S048",2022,0,0,0,0
"ST06477","S048",2022,0,0,0,0
"ST06478","S048",2022,0,0,0,0
"ST06479","S048",2022,0,0,1,0
"ST06480","S048",2022,0,0,0,0
"ST06481","S048",2022,0,0,0,0
"ST06482","S048",2022,0,1,0,0
"ST06483","S048",2022,1,0,1,0
"ST06484","S048",2022,0,1,0,0
"ST06485","S048",2022,1,0,0,0
"ST06486","S048",2022,0,0,0,0
"ST06487","S048",2022,0,0,0,0
"ST06488","S048",2022,0,0,0,0
"ST06489","S048",2022,0,1,1,1
"ST06490","S048",2022,0,0,0,0
"ST06491","S048",2022,1,0,0,0
"ST06492","S048",2022,0,0,0,0
"ST06493","S048",2022,0,0,0,0
"ST06494","S048",2022,1,0,1,0
"ST06495","S048",2022,0,0,1,0
"ST06496","S048",2022,0,0,0,0
"ST06497","S048",2023,1,0,0,0
"ST06498","S048",2023,1,1,0,0
"ST06499","S048",2023,1,0,0,0
"ST06500","S048",2023,0,0,0,0
"ST06501","S048",2023,0,0,0,0
"ST06502","S048",2023,0,1,1,0
"ST06503","S048",2023,0,0,0,0
"ST06504","S048",2023,0,0,0,0
"ST06505","S048",2023,0,0,0,0
"ST06506","S048",2023,0,1,0,0
"ST06507","S048",2023,0,0,1,0
"ST06508","S048",2023,0,1,1,0
"ST06509","S048",2023,0,0,0,0
"ST06510","S048",2023,1,1,1,0
"ST06511","S048",2023,0,0,1,0
"ST06512","S048",2023,1,1,1,0
"ST06513","S048",2023,0,0,0,0
"ST06514","S048",2023,0,0,0,0
"ST06515","S048",2023,0,0,0,0
"ST06516","S048",2023,0,0,0,0
"ST06517","S048",2023,1,0,0,0
"ST06518","S048",2023,1,0,0,0
"ST06519","S048",2023,1,1,1,0
"ST06520","S048",2023,0,1,1,0
"ST06521","S048",2023,1,0,1,0
"ST06522","S048",2023,0,0,0,0
"ST06523","S048",2023,0,1,0,0
"ST06524","S048",2023,1,1,0,0
"ST06525","S048",2023,0,0,0,0
"ST06526","S048",2023,1,0,0,0
"ST06527","S048",2023,1,0,0,0
"ST06528","S048",2023,1,0,0,0
"ST06529","S048",2023,0,0,0,0
"ST06530","S048",2023,0,0,0,0
"ST06531","S048",2023,1,1,1,0
"ST06532","S048",2023,0,0,0,0
"ST06533","S048",2023,0,0,1,0
"ST06534","S048",2023,1,1,1,0
"ST06535","S048",2023,0,0,1,0
"ST06536","S048",2023,0,0,0,0
"ST06537","S048",2023,1,0,1,0
"ST06538","S048",2023,0,0,0,0
"ST06539","S048",2023,0,1,0,0
"ST06540","S048",2023,1,0,0,0
"ST06541","S048",2023,1,1,0,0
"ST06542","S048",2023,0,0,0,1
"ST06543","S048",2023,1,0,1,0
"ST06544","S048",2023,0,0,0,0
"ST06545","S048",2023,0,0,0,0
"ST06546","S048",2023,0,0,0,0
"ST06547","S048",2023,1,1,1,0
"ST06548","S048",2023,0,0,0,0
"ST06549","S048",2023,0,0,0,0
"ST06550","S048",2023,0,0,0,0
"ST06551","S048",2023,0,0,0,0
"ST06552","S048",2023,0,0,1,0
"ST06553","S048",2023,0,1,0,0
"ST06554","S048",2023,1,1,1,0
"ST06555","S048",2023,0,1,0,0
"ST06556","S048",2023,0,0,0,0
"ST06557","S048",2023,0,0,1,0
"ST06558","S048",2023,0,0,0,0
"ST06559","S048",2023,0,0,1,0
"ST06560","S048",2023,1,1,0,0
"ST06561","S048",2023,0,0,0,0
"ST06562","S048",2023,0,0,0,0
"ST06563","S048",2023,0,0,0,0
"ST06564","S048",2023,0,1,0,0
"ST06565","S048",2023,0,1,1,0
"ST06566","S048",2023,0,1,0,0
"ST06567","S048",2023,1,1,1,1
"ST06568","S048",2023,1,1,1,0
"ST06569","S048",2023,1,1,0,0
"ST06570","S048",2023,1,0,0,0
"ST06571","S048",2023,1,0,0,0
"ST06572","S048",2023,0,0,0,0
"ST06573","S048",2023,0,0,0,0
"ST06574","S048",2023,0,0,0,0
"ST06575","S048",2023,0,0,0,0
"ST06576","S048",2023,0,0,0,0
"ST06577","S048",2023,0,0,0,0
"ST06578","S048",2023,0,0,0,0
"ST06579","S048",2023,0,0,0,0
"ST06580","S048",2023,0,0,0,0
"ST06581","S048",2023,0,0,0,0
"ST06582","S048",2023,1,0,0,0
"ST06583","S048",2023,0,0,0,0
"ST06584","S048",2023,0,0,0,0
"ST06585","S048",2023,0,0,0,0
"ST06586","S048",2023,1,1,0,0
"ST06587","S048",2024,0,0,0,0
"ST06588","S048",2024,0,0,0,0
"ST06589","S048",2024,0,0,0,0
"ST06590","S048",2024,0,0,0,0
"ST06591","S048",2024,0,0,0,0
"ST06592","S048",2024,0,0,0,0
"ST06593","S048",2024,0,1,1,0
"ST06594","S048",2024,1,0,1,0
"ST06595","S048",2024,0,0,0,0
"ST06596","S048",2024,0,1,0,0
"ST06597","S048",2024,0,0,0,0
"ST06598","S048",2024,0,1,0,0
"ST06599","S048",2024,0,0,0,0
"ST06600","S048",2024,0,0,1,0
"ST06601","S048",2024,0,0,0,0
"ST06602","S048",2024,0,1,0,0
"ST06603","S048",2024,0,0,0,0
"ST06604","S048",2024,0,0,0,0
"ST06605","S048",2024,0,0,0,0
"ST06606","S048",2024,1,1,1,0
"ST06607","S048",2024,0,0,1,0
"ST06608","S048",2024,0,0,0,0
"ST06609","S048",2024,0,0,0,0
"ST06610","S048",2024,0,1,0,0
"ST06611","S048",2024,0,0,0,0
"ST06612","S048",2024,0,0,0,0
"ST06613","S048",2024,1,1,0,1
"ST06614","S048",2024,0,0,0,0
"ST06615","S048",2024,0,0,0,0
"ST06616","S048",2024,0,0,0,0
"ST06617","S048",2024,0,0,0,0
"ST06618","S048",2024,1,1,0,0
"ST06619","S048",2024,0,0,0,0
"ST06620","S048",2024,1,0,0,0
"ST06621","S048",2024,1,0,1,1
"ST06622","S048",2024,0,0,0,0
"ST06623","S048",2024,0,0,0,0
"ST06624","S048",2024,0,0,0,0
"ST06625","S048",2024,0,0,1,0
"ST06626","S048",2024,0,0,0,0
"ST06627","S048",2024,0,0,0,0
"ST06628","S048",2024,0,0,0,0
"ST06629","S048",2024,0,1,0,0
"ST06630","S048",2024,1,1,0,0
"ST06631","S048",2024,0,0,0,0
"ST06632","S048",2024,1,0,0,0
"ST06633","S048",2024,0,0,0,0
"ST06634","S048",2024,1,0,0,0
"ST06635","S048",2024,0,0,1,0
"ST06636","S048",2024,1,1,0,0
"ST06637","S048",2024,0,0,0,0
"ST06638","S048",2024,0,1,0,0
"ST06639","S048",2024,0,0,0,0
"ST06640","S048",2024,0,1,0,0
"ST06641","S048",2024,0,0,0,0
"ST06642","S048",2024,1,1,0,0
"ST06643","S048",2024,0,0,1,0
"ST06644","S048",2024,1,0,0,0
"ST06645","S048",2024,0,0,1,0
"ST06646","S048",2024,0,0,0,0
"ST06647","S048",2024,0,0,0,0
"ST06648","S048",2024,0,0,0,0
"ST06649","S048",2024,0,0,1,0
"ST06650","S048",2024,0,0,0,0
"ST06651","S048",2024,0,0,0,0
"ST06652","S048",2024,0,0,0,0
"ST06653","S048",2024,1,1,1,0
"ST06654","S048",2024,1,0,1,0
"ST06655","S048",2024,1,0,0,0
"ST06656","S048",2024,0,0,0,0
"ST06657","S048",2024,0,0,0,0
"ST06658","S048",2024,0,0,1,0
"ST06659","S048",2024,0,0,0,0
"ST06660","S048",2024,0,0,0,0
"ST06661","S048",2024,1,0,1,0
"ST06662","S048",2024,0,0,0,0
"ST06663","S048",2024,0,0,1,0
"ST06664","S048",2024,1,0,1,0
"ST06665","S048",2024,1,0,0,0
"ST06666","S048",2024,0,0,0,0
"ST06667","S048",2025,0,0,0,0
"ST06668","S048",2025,0,0,0,0
"ST06669","S048",2025,1,1,0,0
"ST06670","S048",2025,1,0,0,0
"ST06671","S048",2025,1,0,0,0
"ST06672","S048",2025,0,0,0,0
"ST06673","S048",2025,0,0,0,0
"ST06674","S048",2025,1,0,0,0
"ST06675","S048",2025,0,0,0,0
"ST06676","S048",2025,0,0,0,0
"ST06677","S048",2025,0,0,0,0
"ST06678","S048",2025,1,1,1,0
"ST06679","S048",2025,0,0,0,0
"ST06680","S048",2025,0,0,0,0
"ST06681","S048",2025,1,1,1,1
"ST06682","S048",2025,0,1,1,0
"ST06683","S048",2025,1,1,0,0
"ST06684","S048",2025,0,0,0,0
"ST06685","S048",2025,1,0,0,0
"ST06686","S048",2025,1,1,1,0
"ST06687","S048",2025,1,1,1,0
"ST06688","S048",2025,0,0,0,0
"ST06689","S048",2025,0,0,0,0
"ST06690","S048",2025,1,1,1,0
"ST06691","S048",2025,0,0,0,0
"ST06692","S048",2025,1,0,0,0
"ST06693","S048",2025,0,0,0,0
"ST06694","S048",2025,1,0,0,0
"ST06695","S048",2025,0,1,0,0
"ST06696","S048",2025,0,1,0,0
"ST06697","S048",2025,0,1,0,0
"ST06698","S048",2025,0,1,1,0
"ST06699","S048",2025,1,1,0,0
"ST06700","S048",2025,0,0,0,0
"ST06701","S048",2025,0,0,1,0
"ST06702","S048",2025,1,0,0,0
"ST06703","S048",2025,0,0,0,0
"ST06704","S048",2025,0,0,0,0
"ST06705","S048",2025,0,0,0,0
"ST06706","S048",2025,0,1,0,0
"ST06707","S048",2025,1,0,0,0
"ST06708","S048",2025,1,1,0,0
"ST06709","S048",2025,0,0,0,0
"ST06710","S048",2025,0,1,1,0
"ST06711","S048",2025,0,0,0,0
"ST06712","S048",2025,0,0,0,0
"ST06713","S048",2025,0,0,1,0
"ST06714","S048",2025,0,0,0,1
"ST06715","S048",2025,0,0,0,0
"ST06716","S048",2025,0,0,1,0
"ST06717","S048",2025,0,0,0,0
"ST06718","S048",2025,0,0,0,0
"ST06719","S048",2025,0,1,0,0
"ST06720","S048",2025,0,0,0,0
"ST06721","S048",2025,0,0,0,0
"ST06722","S048",2025,0,1,0,0
"ST06723","S048",2025,1,1,0,0
"ST06724","S048",2025,0,1,1,0
"ST06725","S048",2025,0,0,0,0
"ST06726","S048",2025,1,1,1,0
"ST06727","S048",2025,1,1,0,0
"ST06728","S048",2025,0,0,0,0
"ST06729","S048",2025,0,0,0,0
"ST06730","S048",2025,0,0,0,0
"ST06731","S048",2025,0,1,0,0
"ST06732","S048",2025,0,0,0,0
"ST06733","S048",2025,0,0,0,0
"ST06734","S048",2025,0,1,1,1
"ST06735","S048",2025,0,1,0,0
"ST06736","S048",2025,0,0,0,0
"ST06737","S048",2025,0,0,1,0
"ST06738","S048",2025,0,0,0,0
"ST06739","S048",2025,0,0,0,0
"ST06740","S048",2025,1,1,1,0
"ST06741","S048",2025,1,0,0,0
"ST06742","S048",2025,0,0,0,0
"ST06743","S048",2025,1,1,1,0
"ST06744","S048",2025,0,0,0,0
"ST06745","S048",2025,0,0,0,0
"ST06746","S048",2025,0,0,1,0
"ST06747","S048",2025,0,0,0,0
"ST06748","S048",2025,0,0,0,0
"ST06749","S048",2025,0,0,0,0
"ST06750","S048",2025,0,0,0,0
"ST06751","S048",2025,1,0,1,0
"ST06752","S048",2025,0,0,1,0
"ST06753","S048",2025,0,0,0,0
"ST06754","S048",2025,0,1,1,0
"ST06755","S048",2025,0,0,0,0
"ST06756","S048",2025,0,1,0,0
"ST06757","S048",2025,0,0,0,0
"ST06758","S048",2025,0,0,0,0
"ST06759","S048",2025,0,1,0,0
"ST06760","S048",2025,0,0,1,0
"ST06761","S048",2025,0,0,0,0
"ST06762","S048",2025,1,0,0,0
"ST06763","S048",2025,0,0,0,0
"ST06764","S048",2025,0,0,0,0
"ST06765","S048",2025,0,0,0,0
"ST06766","S048",2025,1,0,0,0
"ST06767","S048",2025,0,0,1,0
"ST06768","S048",2025,0,0,0,0
"ST06769","S048",2025,0,0,1,0
"ST06770","S048",2025,0,0,0,0
"ST06771","S048",2025,0,1,0,0
"ST06772","S049",2021,0,0,0,0
"ST06773","S049",2021,0,0,0,0
"ST06774","S049",2021,0,0,0,0
"ST06775","S049",2021,0,0,1,0
"ST06776","S049",2021,0,0,0,0
"ST06777","S049",2021,0,0,0,0
"ST06778","S049",2021,0,0,0,0
"ST06779","S049",2021,0,0,0,0
"ST06780","S049",2021,1,0,0,0
"ST06781","S049",2021,1,1,0,0
"ST06782","S049",2021,0,0,0,0
"ST06783","S049",2021,0,0,0,0
"ST06784","S049",2021,0,1,0,0
"ST06785","S049",2021,1,0,0,0
"ST06786","S049",2021,1,0,0,0
"ST06787","S049",2021,0,0,1,0
"ST06788","S049",2021,0,0,1,0
"ST06789","S049",2021,1,0,0,0
"ST06790","S049",2021,1,0,0,0
"ST06791","S049",2021,0,0,0,0
"ST06792","S049",2021,0,0,0,0
"ST06793","S049",2021,1,0,1,0
"ST06794","S049",2021,0,1,1,0
"ST06795","S049",2021,0,0,0,0
"ST06796","S049",2021,0,0,0,0
"ST06797","S049",2021,0,0,0,0
"ST06798","S049",2021,0,0,0,0
"ST06799","S049",2021,0,0,0,0
"ST06800","S049",2021,0,0,0,0
"ST06801","S049",2021,0,0,0,0
"ST06802","S049",2021,0,0,0,0
"ST06803","S049",2021,1,0,0,0
"ST06804","S049",2021,0,1,1,0
"ST06805","S049",2021,0,1,0,0
"ST06806","S049",2021,0,0,0,0
"ST06807","S049",2021,0,0,1,0
"ST06808","S049",2021,0,0,0,0
"ST06809","S049",2021,0,0,0,0
"ST06810","S049",2021,1,0,0,0
"ST06811","S049",2021,0,0,1,0
"ST06812","S049",2021,0,0,0,0
"ST06813","S049",2021,0,0,0,0
"ST06814","S049",2021,0,0,0,0
"ST06815","S049",2021,0,0,0,0
"ST06816","S049",2021,0,0,0,0
"ST06817","S049",2021,0,0,0,0
"ST06818","S049",2021,0,1,1,0
"ST06819","S049",2021,0,0,0,0
"ST06820","S049",2021,0,0,1,0
"ST06821","S049",2021,0,0,0,0
"ST06822","S049",2021,0,0,0,0
"ST06823","S049",2021,1,1,0,0
"ST06824","S049",2021,1,1,0,0
"ST06825","S049",2021,0,0,0,0
"ST06826","S049",2021,0,0,1,0
"ST06827","S049",2021,0,1,0,0
"ST06828","S049",2021,0,1,1,0
"ST06829","S049",2021,1,0,0,0
"ST06830","S049",2021,1,0,0,0
"ST06831","S049",2021,0,0,0,0
"ST06832","S049",2021,0,1,1,0
"ST06833","S049",2021,0,1,1,0
"ST06834","S049",2021,1,0,0,0
"ST06835","S049",2021,0,1,0,0
"ST06836","S049",2021,1,0,0,0
"ST06837","S049",2021,0,0,0,0
"ST06838","S049",2021,0,0,1,0
"ST06839","S049",2021,0,0,0,0
"ST06840","S049",2021,0,0,0,0
"ST06841","S049",2021,0,0,0,0
"ST06842","S049",2021,0,0,0,0
"ST06843","S049",2021,0,0,0,0
"ST06844","S049",2021,0,0,0,0
"ST06845","S049",2021,0,0,0,0
"ST06846","S049",2021,0,0,0,0
"ST06847","S049",2021,0,0,0,0
"ST06848","S049",2021,1,0,1,0
"ST06849","S049",2021,0,1,1,0
"ST06850","S049",2021,0,1,0,0
"ST06851","S049",2021,0,0,0,0
"ST06852","S049",2021,0,0,0,0
"ST06853","S049",2021,0,0,0,0
"ST06854","S049",2021,0,0,1,0
"ST06855","S049",2021,0,0,1,0
"ST06856","S049",2021,0,0,0,0
"ST06857","S049",2021,0,0,0,0
"ST06858","S049",2021,0,0,0,0
"ST06859","S049",2021,0,0,0,0
"ST06860","S049",2021,0,0,0,0
"ST06861","S049",2022,0,0,0,0
"ST06862","S049",2022,0,0,0,0
"ST06863","S049",2022,0,0,0,0
"ST06864","S049",2022,0,0,0,0
"ST06865","S049",2022,0,0,0,0
"ST06866","S049",2022,1,1,1,0
"ST06867","S049",2022,0,0,0,0
"ST06868","S049",2022,0,0,1,0
"ST06869","S049",2022,0,0,0,0
"ST06870","S049",2022,0,1,0,0
"ST06871","S049",2022,0,0,0,0
"ST06872","S049",2022,0,0,1,0
"ST06873","S049",2022,0,0,0,0
"ST06874","S049",2022,0,0,0,0
"ST06875","S049",2022,0,0,0,0
"ST06876","S049",2022,0,1,1,0
"ST06877","S049",2022,0,0,0,0
"ST06878","S049",2022,0,0,0,0
"ST06879","S049",2022,0,0,0,0
"ST06880","S049",2022,0,0,0,0
"ST06881","S049",2022,0,0,0,0
"ST06882","S049",2022,0,0,1,0
"ST06883","S049",2022,0,0,1,0
"ST06884","S049",2022,0,0,0,0
"ST06885","S049",2022,0,0,0,0
"ST06886","S049",2022,0,0,0,0
"ST06887","S049",2022,0,0,1,0
"ST06888","S049",2022,0,0,0,0
"ST06889","S049",2022,0,1,1,0
"ST06890","S049",2022,0,0,0,0
"ST06891","S049",2022,0,0,0,0
"ST06892","S049",2022,0,0,1,0
"ST06893","S049",2022,0,0,0,0
"ST06894","S049",2022,0,1,1,0
"ST06895","S049",2022,0,0,1,0
"ST06896","S049",2022,0,0,0,0
"ST06897","S049",2022,0,1,0,0
"ST06898","S049",2022,0,1,1,0
"ST06899","S049",2022,0,1,1,0
"ST06900","S049",2022,1,0,0,0
"ST06901","S049",2022,0,1,1,0
"ST06902","S049",2022,0,0,1,0
"ST06903","S049",2022,0,1,1,0
"ST06904","S049",2022,0,0,0,0
"ST06905","S049",2022,1,0,0,0
"ST06906","S049",2022,0,0,0,0
"ST06907","S049",2022,1,0,0,0
"ST06908","S049",2022,0,0,0,0
"ST06909","S049",2022,0,0,1,0
"ST06910","S049",2022,0,0,0,0
"ST06911","S049",2022,0,0,0,0
"ST06912","S049",2022,0,0,0,0
"ST06913","S049",2022,0,0,1,0
"ST06914","S049",2022,0,0,0,0
"ST06915","S049",2022,0,0,0,0
"ST06916","S049",2022,0,0,0,0
"ST06917","S049",2022,0,1,0,0
"ST06918","S049",2022,0,1,0,0
"ST06919","S049",2022,0,0,1,0
"ST06920","S049",2022,0,0,1,0
"ST06921","S049",2022,0,0,0,0
"ST06922","S049",2022,0,0,0,0
"ST06923","S049",2022,0,0,0,0
"ST06924","S049",2022,0,0,1,0
"ST06925","S049",2022,1,1,0,0
"ST06926","S049",2022,0,0,0,0
"ST06927","S049",2022,0,0,0,0
"ST06928","S049",2022,1,0,0,0
"ST06929","S049",2022,0,1,1,0
"ST06930","S049",2022,1,0,0,0
"ST06931","S049",2022,0,0,0,0
"ST06932","S049",2022,1,0,0,0
"ST06933","S049",2022,1,0,0,0
"ST06934","S049",2022,1,1,0,0
"ST06935","S049",2022,0,0,0,0
"ST06936","S049",2022,0,0,0,0
"ST06937","S049",2022,0,0,0,0
"ST06938","S049",2022,0,1,1,0
"ST06939","S049",2022,0,0,1,0
"ST06940","S049",2022,0,0,0,0
"ST06941","S049",2022,0,0,0,0
"ST06942","S049",2022,0,0,0,0
"ST06943","S049",2022,1,0,0,0
"ST06944","S049",2022,1,0,1,0
"ST06945","S049",2022,0,0,0,0
"ST06946","S049",2022,0,0,0,0
"ST06947","S049",2022,0,0,0,0
"ST06948","S049",2022,0,0,0,0
"ST06949","S049",2022,0,0,0,0
"ST06950","S049",2022,0,0,0,0
"ST06951","S049",2022,0,1,0,0
"ST06952","S049",2022,0,0,0,0
"ST06953","S049",2022,0,0,0,0
"ST06954","S049",2022,0,0,0,0
"ST06955","S049",2022,0,0,0,0
"ST06956","S049",2022,0,0,1,0
"ST06957","S049",2022,1,0,0,0
"ST06958","S049",2022,1,0,0,0
"ST06959","S049",2022,0,0,0,0
"ST06960","S049",2022,0,0,0,0
"ST06961","S049",2022,0,0,0,0
"ST06962","S049",2022,0,0,0,0
"ST06963","S049",2022,0,0,0,0
"ST06964","S049",2022,0,0,0,0
"ST06965","S049",2022,0,0,0,0
"ST06966","S049",2022,1,0,0,0
"ST06967","S049",2022,0,0,0,0
"ST06968","S049",2022,1,0,0,0
"ST06969","S049",2022,0,0,0,0
"ST06970","S049",2022,0,0,0,0
"ST06971","S049",2022,0,0,0,0
"ST06972","S049",2022,0,0,0,0
"ST06973","S049",2022,1,0,0,0
"ST06974","S049",2022,0,0,0,0
"ST06975","S049",2022,0,0,0,0
"ST06976","S049",2022,0,0,0,0
"ST06977","S049",2022,0,1,0,0
"ST06978","S049",2023,0,0,1,0
"ST06979","S049",2023,0,0,0,0
"ST06980","S049",2023,0,0,0,0
"ST06981","S049",2023,1,0,0,0
"ST06982","S049",2023,0,0,0,0
"ST06983","S049",2023,0,0,0,0
"ST06984","S049",2023,1,1,0,0
"ST06985","S049",2023,0,0,0,0
"ST06986","S049",2023,0,0,0,0
"ST06987","S049",2023,0,0,1,0
"ST06988","S049",2023,0,0,0,0
"ST06989","S049",2023,0,0,0,0
"ST06990","S049",2023,0,0,1,0
"ST06991","S049",2023,0,0,0,0
"ST06992","S049",2023,0,0,0,0
"ST06993","S049",2023,0,0,1,0
"ST06994","S049",2023,0,1,1,0
"ST06995","S049",2023,0,0,0,0
"ST06996","S049",2023,0,0,0,0
"ST06997","S049",2023,1,0,0,0
"ST06998","S049",2023,0,0,0,0
"ST06999","S049",2023,1,0,0,0
"ST07000","S049",2023,0,0,0,0
"ST07001","S049",2023,0,0,0,0
"ST07002","S049",2023,0,0,0,0
"ST07003","S049",2023,0,0,1,0
"ST07004","S049",2023,1,0,0,0
"ST07005","S049",2023,0,1,1,0
"ST07006","S049",2023,0,0,0,0
"ST07007","S049",2023,0,0,0,0
"ST07008","S049",2023,0,0,0,0
"ST07009","S049",2023,0,0,0,0
"ST07010","S049",2023,0,1,0,0
"ST07011","S049",2023,0,0,0,0
"ST07012","S049",2023,0,0,0,0
"ST07013","S049",2023,0,0,0,0
"ST07014","S049",2023,0,0,0,0
"ST07015","S049",2023,0,1,0,0
"ST07016","S049",2023,0,0,0,0
"ST07017","S049",2023,0,0,0,0
"ST07018","S049",2023,0,0,0,0
"ST07019","S049",2023,0,0,0,0
"ST07020","S049",2023,0,0,0,0
"ST07021","S049",2023,0,0,0,0
"ST07022","S049",2023,0,0,0,0
"ST07023","S049",2023,1,0,0,0
"ST07024","S049",2023,0,0,0,0
"ST07025","S049",2023,0,0,0,0
"ST07026","S049",2023,0,0,0,0
"ST07027","S049",2023,0,0,0,0
"ST07028","S049",2023,0,0,0,0
"ST07029","S049",2023,0,0,1,0
"ST07030","S049",2023,0,0,1,0
"ST07031","S049",2023,0,1,0,0
"ST07032","S049",2023,0,0,0,0
"ST07033","S049",2023,0,0,1,0
"ST07034","S049",2023,1,1,1,0
"ST07035","S049",2023,1,0,1,0
"ST07036","S049",2023,1,1,0,0
"ST07037","S049",2023,0,0,0,0
"ST07038","S049",2023,0,0,0,0
"ST07039","S049",2023,0,0,0,0
"ST07040","S049",2023,0,0,0,0
"ST07041","S049",2023,1,1,1,0
"ST07042","S049",2023,0,0,0,0
"ST07043","S049",2023,0,0,0,0
"ST07044","S049",2023,1,0,0,0
"ST07045","S049",2023,0,0,0,0
"ST07046","S049",2023,1,0,0,0
"ST07047","S049",2023,0,0,1,0
"ST07048","S049",2023,0,0,0,0
"ST07049","S049",2023,0,0,1,0
"ST07050","S049",2023,0,0,0,0
"ST07051","S049",2023,1,0,0,0
"ST07052","S049",2023,0,0,0,0
"ST07053","S049",2023,1,1,1,0
"ST07054","S049",2023,0,0,0,0
"ST07055","S049",2023,0,1,1,0
"ST07056","S049",2023,0,0,0,0
"ST07057","S049",2023,1,0,0,0
"ST07058","S049",2023,0,0,0,0
"ST07059","S049",2023,0,0,0,0
"ST07060","S049",2023,0,0,0,0
"ST07061","S049",2023,0,0,1,0
"ST07062","S049",2023,0,0,0,0
"ST07063","S049",2023,0,0,1,0
"ST07064","S049",2023,0,0,0,0
"ST07065","S049",2023,0,1,0,0
"ST07066","S049",2023,0,0,0,0
"ST07067","S049",2023,0,1,0,0
"ST07068","S049",2023,0,1,0,0
"ST07069","S049",2023,1,0,0,0
"ST07070","S049",2023,0,0,0,0
"ST07071","S049",2023,0,0,0,0
"ST07072","S049",2023,0,0,0,0
"ST07073","S049",2023,0,0,0,0
"ST07074","S049",2023,0,0,0,0
"ST07075","S049",2023,0,0,0,0
"ST07076","S049",2024,0,0,1,0
"ST07077","S049",2024,0,0,1,0
"ST07078","S049",2024,1,1,0,0
"ST07079","S049",2024,0,0,0,0
"ST07080","S049",2024,1,1,1,0
"ST07081","S049",2024,0,0,0,0
"ST07082","S049",2024,1,0,0,0
"ST07083","S049",2024,1,0,0,0
"ST07084","S049",2024,0,0,0,0
"ST07085","S049",2024,0,1,0,0
"ST07086","S049",2024,1,0,0,0
"ST07087","S049",2024,0,0,1,0
"ST07088","S049",2024,0,0,0,0
"ST07089","S049",2024,0,0,0,0
"ST07090","S049",2024,1,1,0,0
"ST07091","S049",2024,0,0,0,0
"ST07092","S049",2024,0,0,0,0
"ST07093","S049",2024,0,0,0,0
"ST07094","S049",2024,0,1,1,0
"ST07095","S049",2024,0,0,0,0
"ST07096","S049",2024,0,0,0,0
"ST07097","S049",2024,1,0,1,0
"ST07098","S049",2024,0,0,1,0
"ST07099","S049",2024,0,0,1,0
"ST07100","S049",2024,0,0,0,0
"ST07101","S049",2024,0,0,0,0
"ST07102","S049",2024,0,0,0,0
"ST07103","S049",2024,1,1,1,0
"ST07104","S049",2024,0,0,0,0
"ST07105","S049",2024,1,0,0,0
"ST07106","S049",2024,0,0,0,0
"ST07107","S049",2024,0,0,0,0
"ST07108","S049",2024,0,0,0,0
"ST07109","S049",2024,0,1,1,0
"ST07110","S049",2024,0,0,0,0
"ST07111","S049",2024,0,0,1,0
"ST07112","S049",2024,0,0,1,0
"ST07113","S049",2024,0,0,0,0
"ST07114","S049",2024,1,0,0,0
"ST07115","S049",2024,0,0,0,0
"ST07116","S049",2024,0,0,1,0
"ST07117","S049",2024,0,0,1,0
"ST07118","S049",2024,0,0,0,0
"ST07119","S049",2024,0,0,0,0
"ST07120","S049",2024,0,0,0,0
"ST07121","S049",2024,0,0,0,0
"ST07122","S049",2024,0,1,0,0
"ST07123","S049",2024,0,0,0,0
"ST07124","S049",2024,0,0,0,0
"ST07125","S049",2024,0,0,0,0
"ST07126","S049",2024,0,1,1,0
"ST07127","S049",2024,0,0,1,0
"ST07128","S049",2024,0,0,0,0
"ST07129","S049",2024,0,0,1,0
"ST07130","S049",2024,0,0,0,0
"ST07131","S049",2024,0,0,1,0
"ST07132","S049",2024,0,0,0,0
"ST07133","S049",2024,0,0,0,0
"ST07134","S049",2024,0,0,1,0
"ST07135","S049",2024,0,1,1,0
"ST07136","S049",2024,0,0,0,0
"ST07137","S049",2024,0,0,1,0
"ST07138","S049",2024,0,0,0,0
"ST07139","S049",2024,0,0,0,0
"ST07140","S049",2024,0,0,1,0
"ST07141","S049",2024,0,0,1,0
"ST07142","S049",2024,0,0,0,0
"ST07143","S049",2024,0,0,0,0
"ST07144","S049",2024,1,0,1,0
"ST07145","S049",2024,0,0,0,0
"ST07146","S049",2024,0,0,0,0
"ST07147","S049",2024,1,1,0,0
"ST07148","S049",2024,1,0,0,0
"ST07149","S049",2024,0,0,0,0
"ST07150","S049",2024,1,0,1,0
"ST07151","S049",2024,0,1,0,0
"ST07152","S049",2024,0,0,0,0
"ST07153","S049",2024,0,0,0,0
"ST07154","S049",2024,0,0,0,0
"ST07155","S049",2024,0,0,0,0
"ST07156","S049",2024,0,0,0,0
"ST07157","S049",2024,0,0,0,0
"ST07158","S049",2024,0,0,0,0
"ST07159","S049",2024,0,0,0,0
"ST07160","S049",2024,1,0,0,0
"ST07161","S049",2024,0,0,0,0
"ST07162","S049",2024,1,0,0,0
"ST07163","S049",2024,0,0,0,0
"ST07164","S049",2024,0,0,1,0
"ST07165","S049",2024,1,1,1,0
"ST07166","S049",2024,0,0,1,0
"ST07167","S049",2024,0,1,0,0
"ST07168","S049",2024,0,0,0,0
"ST07169","S049",2024,0,0,0,0
"ST07170","S049",2024,0,0,0,0
"ST07171","S049",2024,1,0,0,0
"ST07172","S049",2024,0,0,0,0
"ST07173","S049",2024,0,0,0,0
"ST07174","S049",2024,0,0,0,0
"ST07175","S049",2024,0,0,0,0
"ST07176","S049",2024,0,0,1,0
"ST07177","S049",2024,0,0,0,0
"ST07178","S049",2024,0,0,0,0
"ST07179","S049",2025,0,0,0,0
"ST07180","S049",2025,0,0,1,0
"ST07181","S049",2025,0,0,0,0
"ST07182","S049",2025,0,0,0,0
"ST07183","S049",2025,0,0,0,0
"ST07184","S049",2025,0,0,0,0
"ST07185","S049",2025,1,0,0,0
"ST07186","S049",2025,0,0,0,0
"ST07187","S049",2025,0,1,1,0
"ST07188","S049",2025,0,0,1,0
"ST07189","S049",2025,1,1,1,0
"ST07190","S049",2025,0,0,0,0
"ST07191","S049",2025,0,1,0,0
"ST07192","S049",2025,0,0,0,0
"ST07193","S049",2025,0,0,1,0
"ST07194","S049",2025,0,0,0,0
"ST07195","S049",2025,0,0,0,0
"ST07196","S049",2025,0,0,0,0
"ST07197","S049",2025,1,1,1,0
"ST07198","S049",2025,0,0,0,0
"ST07199","S049",2025,0,0,1,0
"ST07200","S049",2025,1,0,0,0
"ST07201","S049",2025,0,0,0,0
"ST07202","S049",2025,0,0,0,0
"ST07203","S049",2025,1,1,0,0
"ST07204","S049",2025,1,0,0,0
"ST07205","S049",2025,0,0,0,0
"ST07206","S049",2025,0,0,0,0
"ST07207","S049",2025,0,0,0,0
"ST07208","S049",2025,1,0,0,0
"ST07209","S049",2025,0,0,0,0
"ST07210","S049",2025,1,1,0,0
"ST07211","S049",2025,0,1,0,0
"ST07212","S049",2025,0,0,0,0
"ST07213","S049",2025,0,0,0,0
"ST07214","S049",2025,0,0,1,0
"ST07215","S049",2025,1,0,0,0
"ST07216","S049",2025,0,0,0,0
"ST07217","S049",2025,0,0,1,0
"ST07218","S049",2025,0,0,1,0
"ST07219","S049",2025,0,0,0,0
"ST07220","S049",2025,0,1,1,0
"ST07221","S049",2025,1,1,0,0
"ST07222","S049",2025,0,0,0,0
"ST07223","S049",2025,0,0,1,0
"ST07224","S049",2025,1,1,0,0
"ST07225","S049",2025,0,0,0,0
"ST07226","S049",2025,0,0,0,0
"ST07227","S049",2025,0,0,0,0
"ST07228","S049",2025,0,0,0,0
"ST07229","S049",2025,0,0,0,0
"ST07230","S049",2025,1,0,0,0
"ST07231","S049",2025,1,0,0,0
"ST07232","S049",2025,0,0,0,0
"ST07233","S049",2025,0,0,0,0
"ST07234","S049",2025,0,0,1,0
"ST07235","S049",2025,0,0,0,0
"ST07236","S049",2025,0,0,0,0
"ST07237","S049",2025,0,0,0,0
"ST07238","S049",2025,0,0,0,0
"ST07239","S049",2025,1,0,1,0
"ST07240","S049",2025,0,0,0,0
"ST07241","S049",2025,0,0,1,0
"ST07242","S049",2025,0,0,1,0
"ST07243","S049",2025,0,0,0,0
"ST07244","S049",2025,1,1,1,0
"ST07245","S049",2025,0,0,0,0
"ST07246","S049",2025,0,0,0,0
"ST07247","S049",2025,0,0,0,0
"ST07248","S049",2025,0,0,0,0
"ST07249","S049",2025,0,0,0,0
"ST07250","S049",2025,0,0,0,0
"ST07251","S049",2025,0,0,0,0
"ST07252","S049",2025,0,0,0,0
"ST07253","S049",2025,1,1,1,0
"ST07254","S049",2025,1,1,1,0
"ST07255","S049",2025,1,0,0,0
"ST07256","S049",2025,0,1,1,0
"ST07257","S049",2025,0,0,0,0
"ST07258","S049",2025,1,0,1,0
"ST07259","S049",2025,0,0,0,0
"ST07260","S049",2025,0,1,1,0
"ST07261","S049",2025,1,0,0,0
"ST07262","S049",2025,0,0,0,0
"ST07263","S049",2025,0,0,0,0
"ST07264","S049",2025,0,0,0,0
"ST07265","S049",2025,0,0,0,0
"ST07266","S049",2025,1,1,1,0
"ST07267","S049",2025,0,1,0,0
"ST07268","S049",2025,0,0,1,0
"ST07269","S049",2025,0,0,0,0
"ST07270","S049",2025,0,0,0,0
"ST07271","S049",2025,0,0,0,0
"ST07272","S049",2025,0,0,0,0
"ST07273","S049",2025,0,0,0,0
"ST07274","S049",2025,0,0,0,0
"ST07275","S049",2025,1,0,1,0
"ST07276","S049",2025,0,0,1,0
"ST07277","S049",2025,0,0,0,0
"ST07278","S049",2025,0,0,0,0
"ST07279","S049",2025,0,0,0,0
"ST07280","S049",2025,0,0,0,0
"ST07281","S049",2025,0,0,0,0
"ST07282","S049",2025,1,0,0,0
"ST07283","S049",2025,0,0,0,0
"ST07284","S049",2025,0,0,0,0
"ST07285","S049",2025,1,0,0,0
"ST07286","S049",2025,0,0,0,0
"ST07287","S049",2025,0,0,0,0
"ST07288","S049",2025,0,0,0,0
"ST07289","S050",2021,1,1,1,0
"ST07290","S050",2021,0,0,1,0
"ST07291","S050",2021,0,0,0,0
"ST07292","S050",2021,0,0,0,0
"ST07293","S050",2021,1,1,1,0
"ST07294","S050",2021,0,1,0,0
"ST07295","S050",2021,0,0,0,1
"ST07296","S050",2021,0,0,0,0
"ST07297","S050",2021,0,0,0,0
"ST07298","S050",2021,0,1,0,0
"ST07299","S050",2021,0,0,0,0
"ST07300","S050",2021,1,1,0,0
"ST07301","S050",2021,1,1,0,0
"ST07302","S050",2021,0,0,0,0
"ST07303","S050",2021,0,1,0,0
"ST07304","S050",2021,0,0,0,0
"ST07305","S050",2021,0,0,0,0
"ST07306","S050",2021,1,1,1,0
"ST07307","S050",2021,0,0,0,0
"ST07308","S050",2021,1,1,1,0
"ST07309","S050",2021,1,0,1,0
"ST07310","S050",2021,1,0,0,0
"ST07311","S050",2021,0,0,0,0
"ST07312","S050",2021,0,0,0,0
"ST07313","S050",2021,1,1,1,0
"ST07314","S050",2021,1,1,1,0
"ST07315","S050",2021,0,1,0,0
"ST07316","S050",2021,0,0,0,0
"ST07317","S050",2021,1,0,1,0
"ST07318","S050",2021,0,0,0,0
"ST07319","S050",2021,1,1,1,0
"ST07320","S050",2021,0,0,0,0
"ST07321","S050",2021,0,0,1,0
"ST07322","S050",2021,0,1,0,0
"ST07323","S050",2021,1,0,0,0
"ST07324","S050",2021,0,0,0,0
"ST07325","S050",2021,0,0,0,0
"ST07326","S050",2021,1,1,0,0
"ST07327","S050",2021,0,0,0,0
"ST07328","S050",2021,0,0,0,0
"ST07329","S050",2021,0,0,1,0
"ST07330","S050",2021,0,0,1,0
"ST07331","S050",2021,1,1,1,0
"ST07332","S050",2021,1,1,1,0
"ST07333","S050",2021,0,0,0,0
"ST07334","S050",2021,0,1,0,0
"ST07335","S050",2021,0,0,0,0
"ST07336","S050",2021,0,0,1,0
"ST07337","S050",2021,1,1,0,0
"ST07338","S050",2021,1,1,1,0
"ST07339","S050",2021,0,0,0,0
"ST07340","S050",2021,0,1,0,0
"ST07341","S050",2021,0,0,0,0
"ST07342","S050",2021,1,0,1,0
"ST07343","S050",2021,1,1,1,0
"ST07344","S050",2021,0,0,0,0
"ST07345","S050",2021,1,1,0,0
"ST07346","S050",2021,1,1,0,1
"ST07347","S050",2021,1,1,0,0
"ST07348","S050",2021,1,0,0,0
"ST07349","S050",2021,1,0,0,0
"ST07350","S050",2021,1,0,0,0
"ST07351","S050",2021,0,0,0,0
"ST07352","S050",2021,0,0,0,0
"ST07353","S050",2021,1,0,1,1
"ST07354","S050",2021,0,0,0,0
"ST07355","S050",2021,0,0,1,0
"ST07356","S050",2021,0,0,0,0
"ST07357","S050",2021,0,1,1,1
"ST07358","S050",2021,1,0,0,0
"ST07359","S050",2021,0,0,0,0
"ST07360","S050",2021,1,0,0,0
"ST07361","S050",2021,0,0,0,0
"ST07362","S050",2021,0,0,0,0
"ST07363","S050",2021,0,0,0,0
"ST07364","S050",2021,0,0,0,0
"ST07365","S050",2021,0,0,0,0
"ST07366","S050",2021,0,0,0,0
"ST07367","S050",2021,1,1,1,0
"ST07368","S050",2021,0,0,0,0
"ST07369","S050",2021,0,0,0,0
"ST07370","S050",2021,1,1,1,0
"ST07371","S050",2021,0,0,0,0
"ST07372","S050",2021,0,0,0,0
"ST07373","S050",2021,0,0,0,0
"ST07374","S050",2021,0,0,0,0
"ST07375","S050",2021,1,1,1,0
"ST07376","S050",2021,0,1,1,0
"ST07377","S050",2021,0,0,1,0
"ST07378","S050",2021,1,1,1,0
"ST07379","S050",2021,0,0,0,0
"ST07380","S050",2021,1,1,1,0
"ST07381","S050",2021,0,0,0,0
"ST07382","S050",2021,1,1,1,0
"ST07383","S050",2021,1,1,1,0
"ST07384","S050",2021,0,0,0,0
"ST07385","S050",2021,0,0,0,0
"ST07386","S050",2021,1,1,0,0
"ST07387","S050",2021,0,1,0,0
"ST07388","S050",2021,1,0,0,0
"ST07389","S050",2021,1,1,1,0
"ST07390","S050",2021,1,1,0,0
"ST07391","S050",2021,1,0,0,0
"ST07392","S050",2021,1,0,1,0
"ST07393","S050",2022,0,0,1,0
"ST07394","S050",2022,0,1,0,0
"ST07395","S050",2022,0,0,0,0
"ST07396","S050",2022,1,0,0,0
"ST07397","S050",2022,1,1,1,0
"ST07398","S050",2022,1,0,0,0
"ST07399","S050",2022,0,0,0,0
"ST07400","S050",2022,0,0,0,0
"ST07401","S050",2022,0,0,0,0
"ST07402","S050",2022,0,0,0,0
"ST07403","S050",2022,0,0,0,0
"ST07404","S050",2022,1,1,1,0
"ST07405","S050",2022,1,1,0,0
"ST07406","S050",2022,1,1,1,0
"ST07407","S050",2022,1,1,0,0
"ST07408","S050",2022,1,0,0,0
"ST07409","S050",2022,0,0,1,0
"ST07410","S050",2022,0,0,0,0
"ST07411","S050",2022,0,0,0,0
"ST07412","S050",2022,1,0,0,0
"ST07413","S050",2022,0,1,0,0
"ST07414","S050",2022,0,0,0,0
"ST07415","S050",2022,0,1,0,0
"ST07416","S050",2022,0,1,0,0
"ST07417","S050",2022,0,1,0,0
"ST07418","S050",2022,0,0,1,0
"ST07419","S050",2022,1,0,0,0
"ST07420","S050",2022,0,1,0,0
"ST07421","S050",2022,0,1,1,0
"ST07422","S050",2022,1,1,0,0
"ST07423","S050",2022,0,0,1,0
"ST07424","S050",2022,0,0,0,0
"ST07425","S050",2022,1,0,0,0
"ST07426","S050",2022,0,0,1,0
"ST07427","S050",2022,1,0,0,0
"ST07428","S050",2022,0,1,0,0
"ST07429","S050",2022,1,0,0,0
"ST07430","S050",2022,0,1,1,0
"ST07431","S050",2022,0,0,0,0
"ST07432","S050",2022,0,0,0,0
"ST07433","S050",2022,0,0,0,0
"ST07434","S050",2022,0,0,0,0
"ST07435","S050",2022,0,0,0,0
"ST07436","S050",2022,0,0,0,0
"ST07437","S050",2022,0,0,0,0
"ST07438","S050",2022,1,0,0,0
"ST07439","S050",2022,0,0,0,0
"ST07440","S050",2022,0,0,0,0
"ST07441","S050",2022,1,0,1,0
"ST07442","S050",2022,0,1,0,0
"ST07443","S050",2022,1,1,1,0
"ST07444","S050",2022,0,1,1,0
"ST07445","S050",2022,1,0,0,0
"ST07446","S050",2022,0,1,0,0
"ST07447","S050",2022,0,1,0,0
"ST07448","S050",2022,1,0,1,0
"ST07449","S050",2022,1,0,0,0
"ST07450","S050",2022,0,0,0,0
"ST07451","S050",2022,0,0,0,0
"ST07452","S050",2022,1,1,0,0
"ST07453","S050",2022,0,0,1,0
"ST07454","S050",2022,0,0,0,0
"ST07455","S050",2022,1,0,0,0
"ST07456","S050",2022,0,0,0,0
"ST07457","S050",2022,1,1,0,1
"ST07458","S050",2022,1,0,1,0
"ST07459","S050",2022,0,0,0,0
"ST07460","S050",2022,0,0,0,0
"ST07461","S050",2022,0,0,0,0
"ST07462","S050",2022,0,0,0,0
"ST07463","S050",2022,1,0,0,0
"ST07464","S050",2022,0,1,1,0
"ST07465","S050",2022,0,1,0,0
"ST07466","S050",2022,0,1,0,0
"ST07467","S050",2022,0,0,0,0
"ST07468","S050",2022,1,1,1,0
"ST07469","S050",2022,0,0,0,0
"ST07470","S050",2022,1,0,0,0
"ST07471","S050",2022,1,0,1,0
"ST07472","S050",2022,0,0,0,0
"ST07473","S050",2022,1,1,1,0
"ST07474","S050",2022,0,0,0,0
"ST07475","S050",2022,1,1,1,0
"ST07476","S050",2022,0,1,0,0
"ST07477","S050",2022,0,1,0,0
"ST07478","S050",2022,0,1,0,0
"ST07479","S050",2022,0,0,0,0
"ST07480","S050",2022,1,1,1,0
"ST07481","S050",2022,0,0,0,0
"ST07482","S050",2022,0,0,0,0
"ST07483","S050",2022,0,0,0,0
"ST07484","S050",2022,0,1,0,0
"ST07485","S050",2022,0,0,0,0
"ST07486","S050",2022,0,1,1,0
"ST07487","S050",2022,1,1,1,0
"ST07488","S050",2022,0,0,0,0
"ST07489","S050",2022,1,0,1,0
"ST07490","S050",2022,0,1,1,0
"ST07491","S050",2022,0,0,1,0
"ST07492","S050",2022,1,1,0,0
"ST07493","S050",2022,0,0,0,0
"ST07494","S050",2022,0,0,1,0
"ST07495","S050",2022,0,0,0,0
"ST07496","S050",2022,1,1,1,0
"ST07497","S050",2022,0,0,0,0
"ST07498","S050",2022,0,0,0,0
"ST07499","S050",2022,1,0,1,0
"ST07500","S050",2022,0,0,0,0
"ST07501","S050",2022,0,1,1,0
"ST07502","S050",2022,0,0,0,1
"ST07503","S050",2022,0,0,0,0
"ST07504","S050",2022,0,0,0,0
"ST07505","S050",2022,0,0,0,0
"ST07506","S050",2022,1,1,0,0
"ST07507","S050",2022,0,1,1,0
"ST07508","S050",2022,0,0,0,0
"ST07509","S050",2022,1,0,1,0
"ST07510","S050",2022,1,1,0,0
"ST07511","S050",2022,0,0,0,0
"ST07512","S050",2022,1,1,1,1
"ST07513","S050",2023,0,0,0,0
"ST07514","S050",2023,0,0,0,0
"ST07515","S050",2023,0,1,0,0
"ST07516","S050",2023,1,0,0,0
"ST07517","S050",2023,0,1,0,0
"ST07518","S050",2023,0,0,0,0
"ST07519","S050",2023,0,0,0,0
"ST07520","S050",2023,1,1,1,0
"ST07521","S050",2023,0,1,0,0
"ST07522","S050",2023,0,0,0,0
"ST07523","S050",2023,1,1,1,0
"ST07524","S050",2023,0,0,0,0
"ST07525","S050",2023,0,1,1,0
"ST07526","S050",2023,0,0,0,0
"ST07527","S050",2023,0,0,0,0
"ST07528","S050",2023,1,0,0,0
"ST07529","S050",2023,0,1,0,0
"ST07530","S050",2023,1,0,0,0
"ST07531","S050",2023,0,0,0,0
"ST07532","S050",2023,1,0,1,0
"ST07533","S050",2023,0,0,1,0
"ST07534","S050",2023,1,1,0,0
"ST07535","S050",2023,1,1,0,0
"ST07536","S050",2023,0,0,1,0
"ST07537","S050",2023,0,0,0,0
"ST07538","S050",2023,0,1,0,0
"ST07539","S050",2023,0,0,0,0
"ST07540","S050",2023,1,1,1,0
"ST07541","S050",2023,0,0,0,0
"ST07542","S050",2023,1,1,0,0
"ST07543","S050",2023,1,0,1,0
"ST07544","S050",2023,0,0,0,0
"ST07545","S050",2023,0,0,0,0
"ST07546","S050",2023,0,0,0,0
"ST07547","S050",2023,0,0,0,0
"ST07548","S050",2023,0,0,1,0
"ST07549","S050",2023,0,0,0,0
"ST07550","S050",2023,0,0,0,0
"ST07551","S050",2023,0,0,1,0
"ST07552","S050",2023,1,1,1,0
"ST07553","S050",2023,1,0,0,0
"ST07554","S050",2023,0,0,0,0
"ST07555","S050",2023,1,0,0,0
"ST07556","S050",2023,0,0,0,0
"ST07557","S050",2023,1,0,0,0
"ST07558","S050",2023,0,1,0,0
"ST07559","S050",2023,1,1,1,0
"ST07560","S050",2023,0,0,0,0
"ST07561","S050",2023,0,0,1,0
"ST07562","S050",2023,0,0,0,0
"ST07563","S050",2023,1,0,1,0
"ST07564","S050",2023,0,0,0,0
"ST07565","S050",2023,0,0,0,0
"ST07566","S050",2023,0,0,0,0
"ST07567","S050",2023,0,0,0,0
"ST07568","S050",2023,0,0,0,0
"ST07569","S050",2023,0,0,0,0
"ST07570","S050",2023,0,0,0,0
"ST07571","S050",2023,1,1,0,0
"ST07572","S050",2023,0,0,0,0
"ST07573","S050",2023,1,0,1,0
"ST07574","S050",2023,0,0,0,0
"ST07575","S050",2023,1,0,0,0
"ST07576","S050",2023,1,1,1,0
"ST07577","S050",2023,0,0,1,0
"ST07578","S050",2023,0,0,1,0
"ST07579","S050",2023,0,1,0,0
"ST07580","S050",2023,1,1,0,0
"ST07581","S050",2023,0,0,0,0
"ST07582","S050",2023,0,0,0,0
"ST07583","S050",2023,1,0,0,0
"ST07584","S050",2023,0,0,0,0
"ST07585","S050",2023,0,1,0,0
"ST07586","S050",2023,0,1,0,0
"ST07587","S050",2023,0,0,0,0
"ST07588","S050",2023,1,0,0,0
"ST07589","S050",2023,1,0,1,0
"ST07590","S050",2023,0,0,0,0
"ST07591","S050",2023,1,0,1,0
"ST07592","S050",2023,1,1,0,0
"ST07593","S050",2023,0,0,0,0
"ST07594","S050",2023,0,0,0,0
"ST07595","S050",2023,0,0,0,0
"ST07596","S050",2023,1,1,1,0
"ST07597","S050",2023,0,0,0,0
"ST07598","S050",2023,0,0,0,0
"ST07599","S050",2023,0,1,0,0
"ST07600","S050",2023,0,1,0,0
"ST07601","S050",2023,0,1,0,0
"ST07602","S050",2023,0,0,0,0
"ST07603","S050",2023,0,0,0,0
"ST07604","S050",2023,0,1,0,0
"ST07605","S050",2023,1,1,1,0
"ST07606","S050",2023,0,1,0,0
"ST07607","S050",2023,1,1,0,0
"ST07608","S050",2023,1,0,0,0
"ST07609","S050",2023,0,0,0,0
"ST07610","S050",2023,0,0,1,0
"ST07611","S050",2023,0,0,0,0
"ST07612","S050",2023,0,0,1,0
"ST07613","S050",2023,1,1,1,0
"ST07614","S050",2023,0,0,0,0
"ST07615","S050",2024,1,1,1,0
"ST07616","S050",2024,1,0,1,0
"ST07617","S050",2024,1,1,1,0
"ST07618","S050",2024,0,1,0,0
"ST07619","S050",2024,0,1,1,0
"ST07620","S050",2024,1,0,1,0
"ST07621","S050",2024,0,0,0,0
"ST07622","S050",2024,0,0,1,0
"ST07623","S050",2024,0,0,0,0
"ST07624","S050",2024,0,1,0,1
"ST07625","S050",2024,0,0,1,0
"ST07626","S050",2024,0,0,0,0
"ST07627","S050",2024,0,0,0,0
"ST07628","S050",2024,0,0,0,0
"ST07629","S050",2024,0,0,0,0
"ST07630","S050",2024,0,1,0,0
"ST07631","S050",2024,0,1,0,0
"ST07632","S050",2024,0,0,0,0
"ST07633","S050",2024,0,0,1,0
"ST07634","S050",2024,0,0,0,0
"ST07635","S050",2024,1,1,0,0
"ST07636","S050",2024,0,1,1,0
"ST07637","S050",2024,0,0,0,0
"ST07638","S050",2024,0,0,0,0
"ST07639","S050",2024,1,1,0,0
"ST07640","S050",2024,0,1,1,0
"ST07641","S050",2024,0,0,0,0
"ST07642","S050",2024,0,1,1,0
"ST07643","S050",2024,1,1,0,0
"ST07644","S050",2024,0,0,0,0
"ST07645","S050",2024,1,1,0,0
"ST07646","S050",2024,1,1,1,0
"ST07647","S050",2024,0,0,0,0
"ST07648","S050",2024,0,0,0,0
"ST07649","S050",2024,0,0,0,0
"ST07650","S050",2024,0,0,1,0
"ST07651","S050",2024,1,0,0,0
"ST07652","S050",2024,0,1,0,0
"ST07653","S050",2024,0,0,0,0
"ST07654","S050",2024,0,1,1,0
"ST07655","S050",2024,0,0,0,0
"ST07656","S050",2024,0,0,0,0
"ST07657","S050",2024,0,1,0,0
"ST07658","S050",2024,0,0,0,0
"ST07659","S050",2024,0,0,0,0
"ST07660","S050",2024,0,0,1,0
"ST07661","S050",2024,0,0,0,0
"ST07662","S050",2024,0,0,1,0
"ST07663","S050",2024,0,0,0,0
"ST07664","S050",2024,0,1,0,0
"ST07665","S050",2024,0,0,0,0
"ST07666","S050",2024,0,0,1,0
"ST07667","S050",2024,0,0,0,0
"ST07668","S050",2024,0,0,0,0
"ST07669","S050",2024,1,1,0,0
"ST07670","S050",2024,1,1,0,0
"ST07671","S050",2024,1,0,0,0
"ST07672","S050",2024,0,0,0,0
"ST07673","S050",2024,1,1,0,0
"ST07674","S050",2024,0,1,0,0
"ST07675","S050",2024,1,0,0,0
"ST07676","S050",2024,1,0,0,0
"ST07677","S050",2024,1,1,1,0
"ST07678","S050",2024,0,0,0,0
"ST07679","S050",2024,0,0,0,0
"ST07680","S050",2024,0,0,0,0
"ST07681","S050",2024,1,1,0,0
"ST07682","S050",2024,1,1,0,0
"ST07683","S050",2024,1,0,0,0
"ST07684","S050",2024,0,0,0,0
"ST07685","S050",2024,0,0,0,0
"ST07686","S050",2024,0,0,1,0
"ST07687","S050",2024,1,0,0,0
"ST07688","S050",2024,0,1,0,0
"ST07689","S050",2024,1,0,0,0
"ST07690","S050",2024,0,0,0,0
"ST07691","S050",2024,1,0,0,0
"ST07692","S050",2024,0,0,0,0
"ST07693","S050",2024,1,1,1,0
"ST07694","S050",2024,0,1,0,0
"ST07695","S050",2024,1,1,1,0
"ST07696","S050",2024,1,0,1,0
"ST07697","S050",2024,0,1,0,0
"ST07698","S050",2024,0,0,0,0
"ST07699","S050",2024,0,0,0,0
"ST07700","S050",2024,0,0,0,0
"ST07701","S050",2024,0,1,0,0
"ST07702","S050",2024,0,0,0,0
"ST07703","S050",2024,1,0,0,0
"ST07704","S050",2024,1,0,0,0
"ST07705","S050",2024,0,0,0,0
"ST07706","S050",2024,0,0,0,0
"ST07707","S050",2024,0,0,0,0
"ST07708","S050",2024,1,0,1,0
"ST07709","S050",2024,1,1,1,0
"ST07710","S050",2024,0,0,0,0
"ST07711","S050",2024,0,0,0,0
"ST07712","S050",2025,1,0,0,0
"ST07713","S050",2025,1,0,0,0
"ST07714","S050",2025,0,0,0,0
"ST07715","S050",2025,1,1,0,0
"ST07716","S050",2025,0,0,0,0
"ST07717","S050",2025,1,1,0,0
"ST07718","S050",2025,0,1,0,0
"ST07719","S050",2025,1,1,0,0
"ST07720","S050",2025,1,1,1,0
"ST07721","S050",2025,1,0,1,0
"ST07722","S050",2025,1,1,0,0
"ST07723","S050",2025,0,0,1,0
"ST07724","S050",2025,1,0,1,0
"ST07725","S050",2025,1,1,0,0
"ST07726","S050",2025,0,0,0,0
"ST07727","S050",2025,1,1,1,0
"ST07728","S050",2025,0,0,1,0
"ST07729","S050",2025,0,1,1,0
"ST07730","S050",2025,0,0,0,0
"ST07731","S050",2025,1,0,1,0
"ST07732","S050",2025,0,0,0,0
"ST07733","S050",2025,1,0,0,0
"ST07734","S050",2025,1,0,0,0
"ST07735","S050",2025,0,0,1,0
"ST07736","S050",2025,0,0,0,0
"ST07737","S050",2025,1,0,1,0
"ST07738","S050",2025,1,0,0,0
"ST07739","S050",2025,0,0,0,0
"ST07740","S050",2025,1,0,0,0
"ST07741","S050",2025,1,0,0,0
"ST07742","S050",2025,0,0,1,0
"ST07743","S050",2025,0,0,0,0
"ST07744","S050",2025,0,0,1,0
"ST07745","S050",2025,1,1,1,0
"ST07746","S050",2025,0,0,0,0
"ST07747","S050",2025,1,1,0,0
"ST07748","S050",2025,0,0,0,0
"ST07749","S050",2025,0,1,0,0
"ST07750","S050",2025,0,0,0,0
"ST07751","S050",2025,0,1,0,0
"ST07752","S050",2025,0,0,0,0
"ST07753","S050",2025,1,1,1,0
"ST07754","S050",2025,0,0,0,0
"ST07755","S050",2025,1,0,1,0
"ST07756","S050",2025,0,0,0,0
"ST07757","S050",2025,0,0,0,0
"ST07758","S050",2025,1,0,1,0
"ST07759","S050",2025,0,1,0,0
"ST07760","S050",2025,0,1,0,0
"ST07761","S050",2025,0,1,1,0
"ST07762","S050",2025,1,0,0,0
"ST07763","S050",2025,0,0,0,0
"ST07764","S050",2025,1,1,1,0
"ST07765","S050",2025,0,0,0,0
"ST07766","S050",2025,1,1,0,0
"ST07767","S050",2025,0,0,1,0
"ST07768","S050",2025,1,1,0,0
"ST07769","S050",2025,0,0,0,0
"ST07770","S050",2025,0,0,0,1
"ST07771","S050",2025,0,0,1,0
"ST07772","S050",2025,0,0,0,0
"ST07773","S050",2025,1,0,0,0
"ST07774","S050",2025,0,0,0,0
"ST07775","S050",2025,1,0,0,0
"ST07776","S050",2025,1,0,0,0
"ST07777","S050",2025,0,0,0,0
"ST07778","S050",2025,1,0,1,0
"ST07779","S050",2025,0,0,0,0
"ST07780","S050",2025,1,1,0,0
"ST07781","S050",2025,0,0,0,0
"ST07782","S050",2025,1,1,1,0
"ST07783","S050",2025,0,0,1,0
"ST07784","S050",2025,0,0,0,0
"ST07785","S050",2025,0,0,1,0
"ST07786","S050",2025,0,0,0,0
"ST07787","S050",2025,0,0,0,0
"ST07788","S050",2025,1,0,0,0
"ST07789","S050",2025,1,0,1,0
"ST07790","S050",2025,0,0,0,0
"ST07791","S050",2025,1,1,1,0
"ST07792","S050",2025,0,0,0,0
"ST07793","S050",2025,1,1,0,0
"ST07794","S050",2025,1,0,0,0
"ST07795","S050",2025,0,0,0,0
"ST07796","S050",2025,0,0,0,0
"ST07797","S050",2025,0,0,0,0
"ST07798","S050",2025,0,0,0,0
"ST07799","S050",2025,1,0,0,0
"ST07800","S050",2025,0,0,0,0
"ST07801","S050",2025,1,0,0,0
"ST07802","S050",2025,1,1,0,0
"ST07803","S050",2025,0,0,0,0
"ST07804","S050",2025,0,0,0,0
"ST07805","S050",2025,0,0,0,0
"ST07806","S050",2025,0,0,1,0
"ST07807","S050",2025,1,0,1,0
"ST07808","S050",2025,1,0,0,0
"ST07809","S050",2025,1,0,0,0
"ST07810","S050",2025,0,0,1,0
"ST07811","S050",2025,0,1,0,0
"ST07812","S050",2025,0,0,0,0
"ST07813","S050",2025,0,0,0,0
"ST07814","S050",2025,1,0,1,0
"ST07815","S050",2025,0,0,1,0
"ST07816","S050",2025,1,0,1,0
"ST07817","S050",2025,1,0,0,0
"ST07818","S050",2025,0,0,0,0
"ST07819","S050",2025,0,0,0,0
"ST07820","S050",2025,0,0,1,0
"ST07821","S050",2025,0,0,0,0
"ST07822","S050",2025,0,0,0,0
"ST07823","S050",2025,0,0,1,0
"ST07824","S050",2025,0,0,0,0
"ST07825","S050",2025,0,1,0,0
"ST07826","S050",2025,0,0,0,0
"ST07827","S050",2025,1,0,1,0
"ST07828","S050",2025,0,0,0,0
"ST07829","S050",2025,1,1,0,0
"ST07830","S050",2025,1,0,0,0
"ST07831","S050",2025,1,0,0,0
"ST07832","S050",2025,1,0,0,0
"ST07833","S050",2025,1,0,1,0
"ST07834","S050",2025,1,1,1,0
"ST07835","S050",2025,1,1,0,0
"ST07836","S050",2025,1,0,0,0
"ST07837","S050",2025,0,0,0,0
"ST07838","S050",2025,0,1,0,0
"ST07839","S050",2025,1,0,0,0
"ST07840","S050",2025,0,0,0,0
"ST07841","S050",2025,1,0,1,0
"ST07842","S050",2025,0,0,0,0
"ST07843","S050",2025,1,0,0,0
"ST07844","S050",2025,1,1,0,0
"ST07845","S050",2025,0,1,0,0
